-- MySQL dump 10.13  Distrib 8.0.40, for Linux (x86_64)
--
-- Host: andresuv.mysql.pythonanywhere-services.com    Database: andresuv$pocucdb
-- ------------------------------------------------------
-- Server version	8.0.42

/*!40101 SET @OLD_CHARACTER_SET_CLIENT=@@CHARACTER_SET_CLIENT */;
/*!40101 SET @OLD_CHARACTER_SET_RESULTS=@@CHARACTER_SET_RESULTS */;
/*!40101 SET @OLD_COLLATION_CONNECTION=@@COLLATION_CONNECTION */;
/*!50503 SET NAMES utf8mb4 */;
/*!40103 SET @OLD_TIME_ZONE=@@TIME_ZONE */;
/*!40103 SET TIME_ZONE='+00:00' */;
/*!40014 SET @OLD_UNIQUE_CHECKS=@@UNIQUE_CHECKS, UNIQUE_CHECKS=0 */;
/*!40014 SET @OLD_FOREIGN_KEY_CHECKS=@@FOREIGN_KEY_CHECKS, FOREIGN_KEY_CHECKS=0 */;
/*!40101 SET @OLD_SQL_MODE=@@SQL_MODE, SQL_MODE='NO_AUTO_VALUE_ON_ZERO' */;
/*!40111 SET @OLD_SQL_NOTES=@@SQL_NOTES, SQL_NOTES=0 */;

--
-- Table structure for table `auth_group`
--

DROP TABLE IF EXISTS `auth_group`;
/*!40101 SET @saved_cs_client     = @@character_set_client */;
/*!50503 SET character_set_client = utf8mb4 */;
CREATE TABLE `auth_group` (
  `id` int NOT NULL AUTO_INCREMENT,
  `name` varchar(150) NOT NULL,
  PRIMARY KEY (`id`),
  UNIQUE KEY `name` (`name`)
) ENGINE=InnoDB DEFAULT CHARSET=utf8mb3;
/*!40101 SET character_set_client = @saved_cs_client */;

--
-- Dumping data for table `auth_group`
--

LOCK TABLES `auth_group` WRITE;
/*!40000 ALTER TABLE `auth_group` DISABLE KEYS */;
/*!40000 ALTER TABLE `auth_group` ENABLE KEYS */;
UNLOCK TABLES;

--
-- Table structure for table `auth_group_permissions`
--

DROP TABLE IF EXISTS `auth_group_permissions`;
/*!40101 SET @saved_cs_client     = @@character_set_client */;
/*!50503 SET character_set_client = utf8mb4 */;
CREATE TABLE `auth_group_permissions` (
  `id` bigint NOT NULL AUTO_INCREMENT,
  `group_id` int NOT NULL,
  `permission_id` int NOT NULL,
  PRIMARY KEY (`id`),
  UNIQUE KEY `auth_group_permissions_group_id_permission_id_0cd325b0_uniq` (`group_id`,`permission_id`),
  KEY `auth_group_permissio_permission_id_84c5c92e_fk_auth_perm` (`permission_id`),
  CONSTRAINT `auth_group_permissio_permission_id_84c5c92e_fk_auth_perm` FOREIGN KEY (`permission_id`) REFERENCES `auth_permission` (`id`),
  CONSTRAINT `auth_group_permissions_group_id_b120cbf9_fk_auth_group_id` FOREIGN KEY (`group_id`) REFERENCES `auth_group` (`id`)
) ENGINE=InnoDB DEFAULT CHARSET=utf8mb3;
/*!40101 SET character_set_client = @saved_cs_client */;

--
-- Dumping data for table `auth_group_permissions`
--

LOCK TABLES `auth_group_permissions` WRITE;
/*!40000 ALTER TABLE `auth_group_permissions` DISABLE KEYS */;
/*!40000 ALTER TABLE `auth_group_permissions` ENABLE KEYS */;
UNLOCK TABLES;

--
-- Table structure for table `auth_permission`
--

DROP TABLE IF EXISTS `auth_permission`;
/*!40101 SET @saved_cs_client     = @@character_set_client */;
/*!50503 SET character_set_client = utf8mb4 */;
CREATE TABLE `auth_permission` (
  `id` int NOT NULL AUTO_INCREMENT,
  `name` varchar(255) NOT NULL,
  `content_type_id` int NOT NULL,
  `codename` varchar(100) NOT NULL,
  PRIMARY KEY (`id`),
  UNIQUE KEY `auth_permission_content_type_id_codename_01ab375a_uniq` (`content_type_id`,`codename`),
  CONSTRAINT `auth_permission_content_type_id_2f476e4b_fk_django_co` FOREIGN KEY (`content_type_id`) REFERENCES `django_content_type` (`id`)
) ENGINE=InnoDB AUTO_INCREMENT=73 DEFAULT CHARSET=utf8mb3;
/*!40101 SET character_set_client = @saved_cs_client */;

--
-- Dumping data for table `auth_permission`
--

LOCK TABLES `auth_permission` WRITE;
/*!40000 ALTER TABLE `auth_permission` DISABLE KEYS */;
INSERT INTO `auth_permission` VALUES (1,'Can add log entry',1,'add_logentry'),(2,'Can change log entry',1,'change_logentry'),(3,'Can delete log entry',1,'delete_logentry'),(4,'Can view log entry',1,'view_logentry'),(5,'Can add permission',2,'add_permission'),(6,'Can change permission',2,'change_permission'),(7,'Can delete permission',2,'delete_permission'),(8,'Can view permission',2,'view_permission'),(9,'Can add group',3,'add_group'),(10,'Can change group',3,'change_group'),(11,'Can delete group',3,'delete_group'),(12,'Can view group',3,'view_group'),(13,'Can add user',4,'add_user'),(14,'Can change user',4,'change_user'),(15,'Can delete user',4,'delete_user'),(16,'Can view user',4,'view_user'),(17,'Can add content type',5,'add_contenttype'),(18,'Can change content type',5,'change_contenttype'),(19,'Can delete content type',5,'delete_contenttype'),(20,'Can view content type',5,'view_contenttype'),(21,'Can add session',6,'add_session'),(22,'Can change session',6,'change_session'),(23,'Can delete session',6,'delete_session'),(24,'Can view session',6,'view_session'),(25,'Can add survey',7,'add_survey'),(26,'Can change survey',7,'change_survey'),(27,'Can delete survey',7,'delete_survey'),(28,'Can view survey',7,'view_survey'),(29,'Can add observer',8,'add_observer'),(30,'Can change observer',8,'change_observer'),(31,'Can delete observer',8,'delete_observer'),(32,'Can view observer',8,'view_observer'),(33,'Can add zone',9,'add_zone'),(34,'Can change zone',9,'change_zone'),(35,'Can delete zone',9,'delete_zone'),(36,'Can view zone',9,'view_zone'),(37,'Can add surveysession',10,'add_surveysession'),(38,'Can change surveysession',10,'change_surveysession'),(39,'Can delete surveysession',10,'delete_surveysession'),(40,'Can view surveysession',10,'view_surveysession'),(41,'Can add visit',11,'add_visit'),(42,'Can change visit',11,'change_visit'),(43,'Can delete visit',11,'delete_visit'),(44,'Can view visit',11,'view_visit'),(45,'Can add category',12,'add_category'),(46,'Can change category',12,'change_category'),(47,'Can delete category',12,'delete_category'),(48,'Can view category',12,'view_category'),(49,'Can add subcategory',13,'add_subcategory'),(50,'Can change subcategory',13,'change_subcategory'),(51,'Can delete subcategory',13,'delete_subcategory'),(52,'Can view subcategory',13,'view_subcategory'),(53,'Can add question',14,'add_question'),(54,'Can change question',14,'change_question'),(55,'Can delete question',14,'delete_question'),(56,'Can view question',14,'view_question'),(57,'Can add option',15,'add_option'),(58,'Can change option',15,'change_option'),(59,'Can delete option',15,'delete_option'),(60,'Can view option',15,'view_option'),(61,'Can add response',16,'add_response'),(62,'Can change response',16,'change_response'),(63,'Can delete response',16,'delete_response'),(64,'Can view response',16,'view_response'),(65,'Can add question comment answer',17,'add_questioncommentanswer'),(66,'Can change question comment answer',17,'change_questioncommentanswer'),(67,'Can delete question comment answer',17,'delete_questioncommentanswer'),(68,'Can view question comment answer',17,'view_questioncommentanswer'),(69,'Can add campus',18,'add_campus'),(70,'Can change campus',18,'change_campus'),(71,'Can delete campus',18,'delete_campus'),(72,'Can view campus',18,'view_campus');
/*!40000 ALTER TABLE `auth_permission` ENABLE KEYS */;
UNLOCK TABLES;

--
-- Table structure for table `auth_user`
--

DROP TABLE IF EXISTS `auth_user`;
/*!40101 SET @saved_cs_client     = @@character_set_client */;
/*!50503 SET character_set_client = utf8mb4 */;
CREATE TABLE `auth_user` (
  `id` int NOT NULL AUTO_INCREMENT,
  `password` varchar(128) NOT NULL,
  `last_login` datetime(6) DEFAULT NULL,
  `is_superuser` tinyint(1) NOT NULL,
  `username` varchar(150) NOT NULL,
  `first_name` varchar(150) NOT NULL,
  `last_name` varchar(150) NOT NULL,
  `email` varchar(254) NOT NULL,
  `is_staff` tinyint(1) NOT NULL,
  `is_active` tinyint(1) NOT NULL,
  `date_joined` datetime(6) NOT NULL,
  PRIMARY KEY (`id`),
  UNIQUE KEY `username` (`username`)
) ENGINE=InnoDB AUTO_INCREMENT=4 DEFAULT CHARSET=utf8mb3;
/*!40101 SET character_set_client = @saved_cs_client */;

--
-- Dumping data for table `auth_user`
--

LOCK TABLES `auth_user` WRITE;
/*!40000 ALTER TABLE `auth_user` DISABLE KEYS */;
INSERT INTO `auth_user` VALUES (2,'pbkdf2_sha256$1000000$IlyE2sqlqYm3uM7TJKBRBF$jqptYUUTZ/1aoOBI9i+s5miXapU/JC6WJxIpPBhmIjI=','2025-11-04 19:56:46.250551',1,'heydi','','','heidy.medina@correounivalle.edu.co',1,1,'2025-11-04 19:54:14.000000'),(3,'pbkdf2_sha256$1000000$uum81DU8pqDjmmzTxv0gw4$BdQ8t5BzraQNBR6Ugt3CGVLLPzy1WZf8rJEWxv0A1pE=','2026-02-20 19:52:05.548421',1,'admin','','','andres.david.ortega@correounivalle.edu.co',1,1,'2025-11-18 20:20:34.405113');
/*!40000 ALTER TABLE `auth_user` ENABLE KEYS */;
UNLOCK TABLES;

--
-- Table structure for table `auth_user_groups`
--

DROP TABLE IF EXISTS `auth_user_groups`;
/*!40101 SET @saved_cs_client     = @@character_set_client */;
/*!50503 SET character_set_client = utf8mb4 */;
CREATE TABLE `auth_user_groups` (
  `id` bigint NOT NULL AUTO_INCREMENT,
  `user_id` int NOT NULL,
  `group_id` int NOT NULL,
  PRIMARY KEY (`id`),
  UNIQUE KEY `auth_user_groups_user_id_group_id_94350c0c_uniq` (`user_id`,`group_id`),
  KEY `auth_user_groups_group_id_97559544_fk_auth_group_id` (`group_id`),
  CONSTRAINT `auth_user_groups_group_id_97559544_fk_auth_group_id` FOREIGN KEY (`group_id`) REFERENCES `auth_group` (`id`),
  CONSTRAINT `auth_user_groups_user_id_6a12ed8b_fk_auth_user_id` FOREIGN KEY (`user_id`) REFERENCES `auth_user` (`id`)
) ENGINE=InnoDB DEFAULT CHARSET=utf8mb3;
/*!40101 SET character_set_client = @saved_cs_client */;

--
-- Dumping data for table `auth_user_groups`
--

LOCK TABLES `auth_user_groups` WRITE;
/*!40000 ALTER TABLE `auth_user_groups` DISABLE KEYS */;
/*!40000 ALTER TABLE `auth_user_groups` ENABLE KEYS */;
UNLOCK TABLES;

--
-- Table structure for table `auth_user_user_permissions`
--

DROP TABLE IF EXISTS `auth_user_user_permissions`;
/*!40101 SET @saved_cs_client     = @@character_set_client */;
/*!50503 SET character_set_client = utf8mb4 */;
CREATE TABLE `auth_user_user_permissions` (
  `id` bigint NOT NULL AUTO_INCREMENT,
  `user_id` int NOT NULL,
  `permission_id` int NOT NULL,
  PRIMARY KEY (`id`),
  UNIQUE KEY `auth_user_user_permissions_user_id_permission_id_14a6b632_uniq` (`user_id`,`permission_id`),
  KEY `auth_user_user_permi_permission_id_1fbb5f2c_fk_auth_perm` (`permission_id`),
  CONSTRAINT `auth_user_user_permi_permission_id_1fbb5f2c_fk_auth_perm` FOREIGN KEY (`permission_id`) REFERENCES `auth_permission` (`id`),
  CONSTRAINT `auth_user_user_permissions_user_id_a95ead1b_fk_auth_user_id` FOREIGN KEY (`user_id`) REFERENCES `auth_user` (`id`)
) ENGINE=InnoDB DEFAULT CHARSET=utf8mb3;
/*!40101 SET character_set_client = @saved_cs_client */;

--
-- Dumping data for table `auth_user_user_permissions`
--

LOCK TABLES `auth_user_user_permissions` WRITE;
/*!40000 ALTER TABLE `auth_user_user_permissions` DISABLE KEYS */;
/*!40000 ALTER TABLE `auth_user_user_permissions` ENABLE KEYS */;
UNLOCK TABLES;

--
-- Table structure for table `campus_campus`
--

DROP TABLE IF EXISTS `campus_campus`;
/*!40101 SET @saved_cs_client     = @@character_set_client */;
/*!50503 SET character_set_client = utf8mb4 */;
CREATE TABLE `campus_campus` (
  `id` bigint NOT NULL AUTO_INCREMENT,
  `name` varchar(100) NOT NULL,
  PRIMARY KEY (`id`),
  UNIQUE KEY `name` (`name`)
) ENGINE=InnoDB AUTO_INCREMENT=2 DEFAULT CHARSET=utf8mb3;
/*!40101 SET character_set_client = @saved_cs_client */;

--
-- Dumping data for table `campus_campus`
--

LOCK TABLES `campus_campus` WRITE;
/*!40000 ALTER TABLE `campus_campus` DISABLE KEYS */;
INSERT INTO `campus_campus` VALUES (1,'Melendez');
/*!40000 ALTER TABLE `campus_campus` ENABLE KEYS */;
UNLOCK TABLES;

--
-- Table structure for table `category_category`
--

DROP TABLE IF EXISTS `category_category`;
/*!40101 SET @saved_cs_client     = @@character_set_client */;
/*!50503 SET character_set_client = utf8mb4 */;
CREATE TABLE `category_category` (
  `id` bigint NOT NULL AUTO_INCREMENT,
  `name` varchar(100) NOT NULL,
  `image` varchar(200) DEFAULT NULL,
  `target_zone_type` varchar(2) DEFAULT NULL,
  PRIMARY KEY (`id`)
) ENGINE=InnoDB AUTO_INCREMENT=5 DEFAULT CHARSET=utf8mb3;
/*!40101 SET character_set_client = @saved_cs_client */;

--
-- Dumping data for table `category_category`
--

LOCK TABLES `category_category` WRITE;
/*!40000 ALTER TABLE `category_category` DISABLE KEYS */;
INSERT INTO `category_category` VALUES (1,'Factores Socioculturales','https://encrypted-tbn0.gstatic.com/images?q=tbn:ANd9GcRWahfMhblU_Ugy-ij2bS2l08oLfW0CXIxgb6UnTiQrdf3x1kIqEpuHn5v0azNv5QH6mFc&usqp=CAU','MX'),(2,'Factores socio económicos','https://definicion.de/wp-content/uploads/2020/02/socioeconomico-2.jpg','MX'),(3,'Ambientes abiertos','https://encrypted-tbn0.gstatic.com/images?q=tbn:ANd9GcRJkwkplPROh2n6W_hR5LR8wVoo2tilf-eqMQ&s','OP'),(4,'Ambientes cerrados','https://www.cr2.cl/wp-content/uploads/2020/12/employees-wearing-face-masks-at-work.jpg','CL');
/*!40000 ALTER TABLE `category_category` ENABLE KEYS */;
UNLOCK TABLES;

--
-- Table structure for table `django_admin_log`
--

DROP TABLE IF EXISTS `django_admin_log`;
/*!40101 SET @saved_cs_client     = @@character_set_client */;
/*!50503 SET character_set_client = utf8mb4 */;
CREATE TABLE `django_admin_log` (
  `id` int NOT NULL AUTO_INCREMENT,
  `action_time` datetime(6) NOT NULL,
  `object_id` longtext,
  `object_repr` varchar(200) NOT NULL,
  `action_flag` smallint unsigned NOT NULL,
  `change_message` longtext NOT NULL,
  `content_type_id` int DEFAULT NULL,
  `user_id` int NOT NULL,
  PRIMARY KEY (`id`),
  KEY `django_admin_log_content_type_id_c4bce8eb_fk_django_co` (`content_type_id`),
  KEY `django_admin_log_user_id_c564eba6_fk_auth_user_id` (`user_id`),
  CONSTRAINT `django_admin_log_content_type_id_c4bce8eb_fk_django_co` FOREIGN KEY (`content_type_id`) REFERENCES `django_content_type` (`id`),
  CONSTRAINT `django_admin_log_user_id_c564eba6_fk_auth_user_id` FOREIGN KEY (`user_id`) REFERENCES `auth_user` (`id`),
  CONSTRAINT `django_admin_log_chk_1` CHECK ((`action_flag` >= 0))
) ENGINE=InnoDB AUTO_INCREMENT=882 DEFAULT CHARSET=utf8mb3;
/*!40101 SET character_set_client = @saved_cs_client */;

--
-- Dumping data for table `django_admin_log`
--

LOCK TABLES `django_admin_log` WRITE;
/*!40000 ALTER TABLE `django_admin_log` DISABLE KEYS */;
INSERT INTO `django_admin_log` VALUES (55,'2025-11-06 22:36:02.553653','18','POCUCPRUEBA-Factores Socioculturales-Fumador Activo-F.1',2,'[{\"changed\": {\"fields\": [\"Is required\"]}}]',14,2),(56,'2025-11-06 22:36:08.981574','19','POCUCPRUEBA-Factores Socioculturales-Fumador Activo-F.2',2,'[{\"changed\": {\"fields\": [\"Is required\"]}}]',14,2),(57,'2025-11-06 22:37:03.850365','20','POCUCPRUEBA-Factores Socioculturales-Fumador Activo-F.2',3,'',14,2),(58,'2025-11-06 22:37:18.058502','21','POCUCPRUEBA-Factores Socioculturales-Fumador Activo-F.3',2,'[{\"changed\": {\"fields\": [\"Is required\"]}}]',14,2),(59,'2025-11-12 14:53:37.857199','7','más',3,'',15,2),(60,'2025-11-12 14:55:04.503649','17','POCUCPRUEBA-Factores Socioculturales-Fumador Activo-F',2,'[{\"changed\": {\"fields\": [\"Is required\"]}}]',14,2),(61,'2025-11-12 14:56:12.025029','22','POCUCPRUEBA-Factores Socioculturales-Fumador Activo-G',2,'[{\"changed\": {\"fields\": [\"Is required\"]}}]',14,2),(62,'2025-11-12 14:56:18.443375','23','POCUCPRUEBA-Factores Socioculturales-Fumador Activo-G.1',2,'[{\"changed\": {\"fields\": [\"Is required\"]}}]',14,2),(63,'2025-11-12 14:56:24.540242','24','POCUCPRUEBA-Factores Socioculturales-Fumador Activo-G.2',2,'[{\"changed\": {\"fields\": [\"Is required\"]}}]',14,2),(64,'2025-11-12 14:56:31.278468','25','POCUCPRUEBA-Factores Socioculturales-Fumador Activo-G.3',2,'[{\"changed\": {\"fields\": [\"Is required\"]}}]',14,2),(65,'2025-11-12 14:56:41.746689','26','POCUCPRUEBA-Factores Socioculturales-Fumador Activo-G.4',2,'[{\"changed\": {\"fields\": [\"Is required\"]}}]',14,2),(66,'2025-11-12 14:57:15.576577','27','POCUCPRUEBA-Factores Socioculturales-Fumador Activo-H',2,'[{\"changed\": {\"fields\": [\"Is required\"]}}]',14,2),(67,'2025-11-12 14:57:22.377476','28','POCUCPRUEBA-Factores Socioculturales-Fumador Activo-H.1',2,'[{\"changed\": {\"fields\": [\"Is required\"]}}]',14,2),(68,'2025-11-12 14:57:29.788499','29','POCUCPRUEBA-Factores Socioculturales-Fumador Activo-H.2',2,'[{\"changed\": {\"fields\": [\"Is required\"]}}]',14,2),(69,'2025-11-12 14:57:38.410948','30','POCUCPRUEBA-Factores Socioculturales-Fumador Activo-H.3',2,'[{\"changed\": {\"fields\": [\"Is required\"]}}]',14,2),(70,'2025-11-12 14:57:43.768732','31','POCUCPRUEBA-Factores Socioculturales-Fumador Activo-H.4',2,'[{\"changed\": {\"fields\": [\"Is required\"]}}]',14,2),(71,'2025-11-13 19:36:08.571273','3','POCUCPRUEBA-Factores Socioculturales-Fumador Activo-B.2',2,'[{\"changed\": {\"fields\": [\"Code\"]}}]',14,2),(72,'2025-11-13 19:36:55.299577','32','POCUCPRUEBA-Factores Socioculturales-Fumador Activo-B.2',1,'[{\"added\": {}}]',14,2),(73,'2025-11-13 19:37:20.292468','33','POCUCPRUEBA-Factores Socioculturales-Fumador Activo-B.4',1,'[{\"added\": {}}]',14,2),(74,'2025-11-13 19:37:55.135140','32','POCUCPRUEBA-Factores Socioculturales-Fumador Activo-B.3',2,'[{\"changed\": {\"fields\": [\"Code\"]}}]',14,2),(75,'2025-11-13 19:38:35.273455','34','POCUCPRUEBA-Factores Socioculturales-Fumador Activo-B.5',1,'[{\"added\": {}}]',14,2),(76,'2025-11-13 19:40:44.644739','10','POCUCPRUEBA-Factores Socioculturales-Fumador Activo-D.1',2,'[{\"changed\": {\"fields\": [\"Description\"]}}]',14,2),(77,'2025-11-13 19:41:21.938850','11','POCUCPRUEBA-Factores Socioculturales-Fumador Activo-D.2',2,'[{\"changed\": {\"fields\": [\"Description\"]}}]',14,2),(78,'2025-11-13 19:42:16.593700','12','POCUCPRUEBA-Factores Socioculturales-Fumador Activo-D.3',2,'[{\"changed\": {\"fields\": [\"Code\", \"Description\"]}}]',14,2),(79,'2025-11-13 19:42:54.291261','13','POCUCPRUEBA-Factores Socioculturales-Fumador Activo-D.4',2,'[{\"changed\": {\"fields\": [\"Description\"]}}]',14,2),(80,'2025-11-13 19:44:07.492000','35','POCUCPRUEBA-Factores Socioculturales-Fumador Activo-E.3',1,'[{\"added\": {}}]',14,2),(81,'2025-11-13 19:46:37.537814','35','POCUCPRUEBA-Factores Socioculturales-Fumador Activo-E.3',2,'[]',14,2),(82,'2025-11-13 19:48:20.444430','36','POCUCPRUEBA-Factores Socioculturales-Fumador Activo-F.4',1,'[{\"added\": {}}]',14,2),(83,'2025-11-13 19:48:26.893783','36','POCUCPRUEBA-Factores Socioculturales-Fumador Activo-F.4',2,'[{\"changed\": {\"fields\": [\"Is required\"]}}]',14,2),(84,'2025-11-13 19:58:52.101223','37','POCUCPRUEBA-Factores Socioculturales-Fumador Activo-I',1,'[{\"added\": {}}]',14,2),(85,'2025-11-13 20:00:31.837759','38','POCUCPRUEBA-Factores Socioculturales-Fumador Activo-J',1,'[{\"added\": {}}]',14,2),(86,'2025-11-13 20:01:49.117705','39','POCUCPRUEBA-Factores Socioculturales-Fumador Activo-J.1',1,'[{\"added\": {}}]',14,2),(87,'2025-11-13 20:02:34.878027','40','POCUCPRUEBA-Factores Socioculturales-Fumador Activo-J.2',1,'[{\"added\": {}}]',14,2),(88,'2025-11-13 20:04:41.475260','41','POCUCPRUEBA-Factores Socioculturales-Fumador Activo-J.3',1,'[{\"added\": {}}]',14,2),(89,'2025-11-13 20:05:43.819167','42','POCUCPRUEBA-Factores Socioculturales-Fumador Activo-K',1,'[{\"added\": {}}]',14,2),(90,'2025-11-13 20:06:40.761095','43','POCUCPRUEBA-Factores Socioculturales-Fumador Activo-K.1',1,'[{\"added\": {}}]',14,2),(91,'2025-11-13 20:07:15.082067','44','POCUCPRUEBA-Factores Socioculturales-Fumador Activo-K.2',1,'[{\"added\": {}}]',14,2),(92,'2025-11-13 20:07:59.646305','45','POCUCPRUEBA-Factores Socioculturales-Fumador Activo-K.3',1,'[{\"added\": {}}]',14,2),(93,'2025-11-13 20:09:08.243450','46','POCUCPRUEBA-Factores Socioculturales-Fumador Activo-K.4',1,'[{\"added\": {}}]',14,2),(94,'2025-11-13 20:10:36.355670','47','POCUCPRUEBA-Factores Socioculturales-Fumador Activo-L',1,'[{\"added\": {}}]',14,2),(95,'2025-11-13 20:11:52.843617','48','POCUCPRUEBA-Factores Socioculturales-Fumador Activo-L.1',1,'[{\"added\": {}}]',14,2),(96,'2025-11-13 20:12:21.219538','49','POCUCPRUEBA-Factores Socioculturales-Fumador Activo-L.2',1,'[{\"added\": {}}]',14,2),(97,'2025-11-13 20:12:59.004727','50','POCUCPRUEBA-Factores Socioculturales-Fumador Activo-L.3',1,'[{\"added\": {}}]',14,2),(98,'2025-11-13 20:14:00.410907','51','POCUCPRUEBA-Factores Socioculturales-Fumador Activo-L.4',1,'[{\"added\": {}}]',14,2),(99,'2025-11-13 20:16:30.407948','52','POCUCPRUEBA-Factores Socioculturales-Fumador Activo-M',1,'[{\"added\": {}}]',14,2),(100,'2025-11-13 20:22:19.947574','37','POCUCPRUEBA-Factores Socioculturales-Fumador Activo-I',3,'',14,2),(101,'2025-11-13 20:23:46.109914','53','POCUCPRUEBA-Factores Socioculturales-Fumador Activo-M.1',1,'[{\"added\": {}}]',14,2),(102,'2025-11-13 20:24:29.788054','54','POCUCPRUEBA-Factores Socioculturales-Fumador Activo-M.2',1,'[{\"added\": {}}]',14,2),(103,'2025-11-13 20:24:57.467888','55','POCUCPRUEBA-Factores Socioculturales-Fumador Activo-M.3',1,'[{\"added\": {}}]',14,2),(104,'2025-11-13 20:25:26.835964','56','POCUCPRUEBA-Factores Socioculturales-Fumador Activo-M.4',1,'[{\"added\": {}}]',14,2),(105,'2025-11-13 20:32:10.472538','57','POCUCPRUEBA-Factores Socioculturales-Fumador Activo-N',1,'[{\"added\": {}}]',14,2),(106,'2025-11-13 20:32:35.862588','57','POCUCPRUEBA-Factores Socioculturales-Fumador Activo-N',2,'[{\"changed\": {\"fields\": [\"Question type\"]}}]',14,2),(107,'2025-11-13 20:33:46.287855','58','POCUCPRUEBA-Factores Socioculturales-Fumador Activo-Ñ',1,'[{\"added\": {}}]',14,2),(108,'2025-11-13 20:34:26.034080','59','POCUCPRUEBA-Factores Socioculturales-Fumador Activo-Ñ.1',1,'[{\"added\": {}}]',14,2),(109,'2025-11-13 20:35:05.696541','60','POCUCPRUEBA-Factores Socioculturales-Fumador Activo-Ñ.2',1,'[{\"added\": {}}]',14,2),(110,'2025-11-13 20:35:54.611188','61','POCUCPRUEBA-Factores Socioculturales-Fumador Activo-Ñ.3',1,'[{\"added\": {}}]',14,2),(111,'2025-11-13 20:37:10.665502','62','POCUCPRUEBA-Factores Socioculturales-Fumador Activo-Ñ.4',1,'[{\"added\": {}}]',14,2),(112,'2025-11-13 20:41:32.683622','63','POCUCPRUEBA-Factores Socioculturales-Fumador Activo-O',1,'[{\"added\": {}}]',14,2),(113,'2025-11-13 20:42:40.430809','62','POCUCPRUEBA-Factores Socioculturales-Fumador Activo-Ñ.4',2,'[{\"changed\": {\"fields\": [\"Is required\"]}}]',14,2),(114,'2025-11-13 20:42:52.854871','62','POCUCPRUEBA-Factores Socioculturales-Fumador Activo-Ñ.4',2,'[]',14,2),(115,'2025-11-13 20:44:43.627416','64','POCUCPRUEBA-Factores Socioculturales-Fumador Activo-O.1',1,'[{\"added\": {}}]',14,2),(116,'2025-11-13 20:45:16.824909','65','POCUCPRUEBA-Factores Socioculturales-Fumador Activo-O.2',1,'[{\"added\": {}}]',14,2),(117,'2025-11-13 20:46:02.537709','66','POCUCPRUEBA-Factores Socioculturales-Fumador Activo-O.3',1,'[{\"added\": {}}]',14,2),(118,'2025-11-13 20:57:44.031682','39','POCUCPRUEBA-Factores Socioculturales-Fumador Activo-J.1',2,'[]',14,2),(119,'2025-11-13 21:01:26.367736','41','POCUCPRUEBA-Factores Socioculturales-Fumador Activo-J.3',2,'[{\"changed\": {\"fields\": [\"Parent question\"]}}]',14,2),(120,'2025-11-13 21:04:09.154967','58','POCUCPRUEBA-Factores Socioculturales-Fumador Activo-Ñ',2,'[{\"changed\": {\"fields\": [\"Description\"]}}]',14,2),(121,'2025-11-13 21:04:19.866490','58','POCUCPRUEBA-Factores Socioculturales-Fumador Activo-Ñ',2,'[{\"changed\": {\"fields\": [\"Description\"]}}]',14,2),(122,'2025-11-13 22:05:24.092477','126','survey:POCUCPRUEBA-session:1-visita:1-question:POCUCPRUEBA-Factores Socioculturales-Fumador Activo-G.4',3,'',16,2),(123,'2025-11-13 22:05:24.093839','125','survey:POCUCPRUEBA-session:1-visita:1-question:POCUCPRUEBA-Factores Socioculturales-Fumador Activo-G.3',3,'',16,2),(124,'2025-11-13 22:05:24.095093','124','survey:POCUCPRUEBA-session:1-visita:1-question:POCUCPRUEBA-Factores Socioculturales-Fumador Activo-G.2',3,'',16,2),(125,'2025-11-13 22:05:24.096361','123','survey:POCUCPRUEBA-session:1-visita:1-question:POCUCPRUEBA-Factores Socioculturales-Fumador Activo-G.1',3,'',16,2),(126,'2025-11-13 22:05:24.097576','122','survey:POCUCPRUEBA-session:1-visita:1-question:POCUCPRUEBA-Factores Socioculturales-Fumador Activo-F.3',3,'',16,2),(127,'2025-11-13 22:05:24.098998','121','survey:POCUCPRUEBA-session:1-visita:1-question:POCUCPRUEBA-Factores Socioculturales-Fumador Activo-F.2',3,'',16,2),(128,'2025-11-13 22:05:24.100422','120','survey:POCUCPRUEBA-session:1-visita:1-question:POCUCPRUEBA-Factores Socioculturales-Fumador Activo-F.1',3,'',16,2),(129,'2025-11-13 22:05:24.103516','119','survey:POCUCPRUEBA-session:1-visita:1-question:POCUCPRUEBA-Factores Socioculturales-Fumador Activo-E.2',3,'',16,2),(130,'2025-11-13 22:05:24.104920','118','survey:POCUCPRUEBA-session:1-visita:1-question:POCUCPRUEBA-Factores Socioculturales-Fumador Activo-E.1',3,'',16,2),(131,'2025-11-13 22:05:24.106116','117','survey:POCUCPRUEBA-session:1-visita:1-question:POCUCPRUEBA-Factores Socioculturales-Fumador Activo-D.4',3,'',16,2),(132,'2025-11-13 22:05:24.107532','116','survey:POCUCPRUEBA-session:1-visita:1-question:POCUCPRUEBA-Factores Socioculturales-Fumador Activo-D.3',3,'',16,2),(133,'2025-11-13 22:05:24.109094','115','survey:POCUCPRUEBA-session:1-visita:1-question:POCUCPRUEBA-Factores Socioculturales-Fumador Activo-D.2',3,'',16,2),(134,'2025-11-13 22:05:24.110748','114','survey:POCUCPRUEBA-session:1-visita:1-question:POCUCPRUEBA-Factores Socioculturales-Fumador Activo-D.1',3,'',16,2),(135,'2025-11-13 22:05:24.112153','113','survey:POCUCPRUEBA-session:1-visita:1-question:POCUCPRUEBA-Factores Socioculturales-Fumador Activo-C.3',3,'',16,2),(136,'2025-11-13 22:05:24.113397','112','survey:POCUCPRUEBA-session:1-visita:1-question:POCUCPRUEBA-Factores Socioculturales-Fumador Activo-C.2',3,'',16,2),(137,'2025-11-13 22:05:24.114844','111','survey:POCUCPRUEBA-session:1-visita:1-question:POCUCPRUEBA-Factores Socioculturales-Fumador Activo-C.1',3,'',16,2),(138,'2025-11-13 22:05:24.116410','110','survey:POCUCPRUEBA-session:1-visita:1-question:POCUCPRUEBA-Factores Socioculturales-Fumador Activo-B.1',3,'',16,2),(139,'2025-11-13 22:05:24.117890','109','survey:POCUCPRUEBA-session:1-visita:1-question:POCUCPRUEBA-Factores Socioculturales-Fumador Activo-B.2',3,'',16,2),(140,'2025-11-13 22:05:24.119126','108','survey:POCUCPRUEBA-session:1-visita:1-question:POCUCPRUEBA-Factores Socioculturales-Fumador Activo-A',3,'',16,2),(141,'2025-11-13 22:05:24.120493','91','survey:POCUCPRUEBA-session:1-visita:1-question:POCUCPRUEBA-Factores Socioculturales-Fumador Activo-H.4',3,'',16,2),(142,'2025-11-13 22:05:24.121661','90','survey:POCUCPRUEBA-session:1-visita:1-question:POCUCPRUEBA-Factores Socioculturales-Fumador Activo-H.3',3,'',16,2),(143,'2025-11-13 22:05:24.122815','89','survey:POCUCPRUEBA-session:1-visita:1-question:POCUCPRUEBA-Factores Socioculturales-Fumador Activo-H.2',3,'',16,2),(144,'2025-11-13 22:05:24.123983','88','survey:POCUCPRUEBA-session:1-visita:1-question:POCUCPRUEBA-Factores Socioculturales-Fumador Activo-H.1',3,'',16,2),(145,'2025-11-13 22:05:24.125546','87','survey:POCUCPRUEBA-session:1-visita:1-question:POCUCPRUEBA-Factores Socioculturales-Fumador Activo-G.4',3,'',16,2),(146,'2025-11-13 22:05:24.127093','86','survey:POCUCPRUEBA-session:1-visita:1-question:POCUCPRUEBA-Factores Socioculturales-Fumador Activo-G.3',3,'',16,2),(147,'2025-11-13 22:05:24.128579','85','survey:POCUCPRUEBA-session:1-visita:1-question:POCUCPRUEBA-Factores Socioculturales-Fumador Activo-G.2',3,'',16,2),(148,'2025-11-13 22:05:24.130021','84','survey:POCUCPRUEBA-session:1-visita:1-question:POCUCPRUEBA-Factores Socioculturales-Fumador Activo-G.1',3,'',16,2),(149,'2025-11-13 22:05:24.131324','83','survey:POCUCPRUEBA-session:1-visita:1-question:POCUCPRUEBA-Factores Socioculturales-Fumador Activo-F.3',3,'',16,2),(150,'2025-11-13 22:05:24.132588','82','survey:POCUCPRUEBA-session:1-visita:1-question:POCUCPRUEBA-Factores Socioculturales-Fumador Activo-F.2',3,'',16,2),(151,'2025-11-13 22:05:24.134155','81','survey:POCUCPRUEBA-session:1-visita:1-question:POCUCPRUEBA-Factores Socioculturales-Fumador Activo-F.1',3,'',16,2),(152,'2025-11-13 22:05:24.135609','80','survey:POCUCPRUEBA-session:1-visita:1-question:POCUCPRUEBA-Factores Socioculturales-Fumador Activo-E.2',3,'',16,2),(153,'2025-11-13 22:05:24.137153','79','survey:POCUCPRUEBA-session:1-visita:1-question:POCUCPRUEBA-Factores Socioculturales-Fumador Activo-E.1',3,'',16,2),(154,'2025-11-13 22:05:24.138899','78','survey:POCUCPRUEBA-session:1-visita:1-question:POCUCPRUEBA-Factores Socioculturales-Fumador Activo-D.4',3,'',16,2),(155,'2025-11-13 22:05:24.140112','77','survey:POCUCPRUEBA-session:1-visita:1-question:POCUCPRUEBA-Factores Socioculturales-Fumador Activo-D.3',3,'',16,2),(156,'2025-11-13 22:05:24.141368','76','survey:POCUCPRUEBA-session:1-visita:1-question:POCUCPRUEBA-Factores Socioculturales-Fumador Activo-D.2',3,'',16,2),(157,'2025-11-13 22:05:24.147551','75','survey:POCUCPRUEBA-session:1-visita:1-question:POCUCPRUEBA-Factores Socioculturales-Fumador Activo-D.1',3,'',16,2),(158,'2025-11-13 22:05:24.148829','74','survey:POCUCPRUEBA-session:1-visita:1-question:POCUCPRUEBA-Factores Socioculturales-Fumador Activo-C.3',3,'',16,2),(159,'2025-11-13 22:05:24.150511','73','survey:POCUCPRUEBA-session:1-visita:1-question:POCUCPRUEBA-Factores Socioculturales-Fumador Activo-C.2',3,'',16,2),(160,'2025-11-13 22:05:24.151923','72','survey:POCUCPRUEBA-session:1-visita:1-question:POCUCPRUEBA-Factores Socioculturales-Fumador Activo-C.1',3,'',16,2),(161,'2025-11-13 22:05:24.153300','71','survey:POCUCPRUEBA-session:1-visita:1-question:POCUCPRUEBA-Factores Socioculturales-Fumador Activo-B.1',3,'',16,2),(162,'2025-11-13 22:05:24.154822','70','survey:POCUCPRUEBA-session:1-visita:1-question:POCUCPRUEBA-Factores Socioculturales-Fumador Activo-B.2',3,'',16,2),(163,'2025-11-13 22:05:24.156331','69','survey:POCUCPRUEBA-session:1-visita:1-question:POCUCPRUEBA-Factores Socioculturales-Fumador Activo-A',3,'',16,2),(164,'2025-11-13 22:05:24.157555','48','survey:POCUCPRUEBA-session:1-visita:2-question:POCUCPRUEBA-Factores Socioculturales-Fumador Activo-H.4',3,'',16,2),(165,'2025-11-13 22:05:24.158801','47','survey:POCUCPRUEBA-session:1-visita:2-question:POCUCPRUEBA-Factores Socioculturales-Fumador Activo-H.3',3,'',16,2),(166,'2025-11-13 22:05:24.160302','46','survey:POCUCPRUEBA-session:1-visita:2-question:POCUCPRUEBA-Factores Socioculturales-Fumador Activo-H.2',3,'',16,2),(167,'2025-11-13 22:05:24.161710','45','survey:POCUCPRUEBA-session:1-visita:2-question:POCUCPRUEBA-Factores Socioculturales-Fumador Activo-H.1',3,'',16,2),(168,'2025-11-13 22:05:24.163285','44','survey:POCUCPRUEBA-session:1-visita:2-question:POCUCPRUEBA-Factores Socioculturales-Fumador Activo-G.4',3,'',16,2),(169,'2025-11-13 22:05:24.164517','43','survey:POCUCPRUEBA-session:1-visita:2-question:POCUCPRUEBA-Factores Socioculturales-Fumador Activo-G.3',3,'',16,2),(170,'2025-11-13 22:05:24.165684','42','survey:POCUCPRUEBA-session:1-visita:2-question:POCUCPRUEBA-Factores Socioculturales-Fumador Activo-G.2',3,'',16,2),(171,'2025-11-13 22:05:24.166888','41','survey:POCUCPRUEBA-session:1-visita:2-question:POCUCPRUEBA-Factores Socioculturales-Fumador Activo-G.1',3,'',16,2),(172,'2025-11-13 22:05:24.168367','40','survey:POCUCPRUEBA-session:1-visita:2-question:POCUCPRUEBA-Factores Socioculturales-Fumador Activo-F.3',3,'',16,2),(173,'2025-11-13 22:05:24.169776','38','survey:POCUCPRUEBA-session:1-visita:2-question:POCUCPRUEBA-Factores Socioculturales-Fumador Activo-F.2',3,'',16,2),(174,'2025-11-13 22:05:24.171188','37','survey:POCUCPRUEBA-session:1-visita:2-question:POCUCPRUEBA-Factores Socioculturales-Fumador Activo-F.1',3,'',16,2),(175,'2025-11-13 22:05:24.172363','36','survey:POCUCPRUEBA-session:1-visita:2-question:POCUCPRUEBA-Factores Socioculturales-Fumador Activo-E.2',3,'',16,2),(176,'2025-11-13 22:05:24.173506','35','survey:POCUCPRUEBA-session:1-visita:2-question:POCUCPRUEBA-Factores Socioculturales-Fumador Activo-E.1',3,'',16,2),(177,'2025-11-13 22:05:24.174692','34','survey:POCUCPRUEBA-session:1-visita:2-question:POCUCPRUEBA-Factores Socioculturales-Fumador Activo-D.4',3,'',16,2),(178,'2025-11-13 22:05:24.176145','33','survey:POCUCPRUEBA-session:1-visita:2-question:POCUCPRUEBA-Factores Socioculturales-Fumador Activo-D.3',3,'',16,2),(179,'2025-11-13 22:05:24.177624','32','survey:POCUCPRUEBA-session:1-visita:2-question:POCUCPRUEBA-Factores Socioculturales-Fumador Activo-D.2',3,'',16,2),(180,'2025-11-13 22:05:24.178959','31','survey:POCUCPRUEBA-session:1-visita:2-question:POCUCPRUEBA-Factores Socioculturales-Fumador Activo-D.1',3,'',16,2),(181,'2025-11-13 22:05:24.180225','30','survey:POCUCPRUEBA-session:1-visita:2-question:POCUCPRUEBA-Factores Socioculturales-Fumador Activo-C.3',3,'',16,2),(182,'2025-11-13 22:05:24.181415','29','survey:POCUCPRUEBA-session:1-visita:2-question:POCUCPRUEBA-Factores Socioculturales-Fumador Activo-C.2',3,'',16,2),(183,'2025-11-13 22:05:24.182741','28','survey:POCUCPRUEBA-session:1-visita:2-question:POCUCPRUEBA-Factores Socioculturales-Fumador Activo-C.1',3,'',16,2),(184,'2025-11-13 22:05:24.184246','27','survey:POCUCPRUEBA-session:1-visita:2-question:POCUCPRUEBA-Factores Socioculturales-Fumador Activo-B.1',3,'',16,2),(185,'2025-11-13 22:05:24.185457','26','survey:POCUCPRUEBA-session:1-visita:2-question:POCUCPRUEBA-Factores Socioculturales-Fumador Activo-B.2',3,'',16,2),(186,'2025-11-13 22:05:24.186914','25','survey:POCUCPRUEBA-session:1-visita:2-question:POCUCPRUEBA-Factores Socioculturales-Fumador Activo-A',3,'',16,2),(187,'2025-11-13 22:18:08.148842','192','survey:POCUCPRUEBA-session:1-visita:1-question:POCUCPRUEBA-Factores Socioculturales-Fumador Activo-M.4',3,'',16,2),(188,'2025-11-13 22:18:08.150870','191','survey:POCUCPRUEBA-session:1-visita:1-question:POCUCPRUEBA-Factores Socioculturales-Fumador Activo-M.3',3,'',16,2),(189,'2025-11-13 22:18:08.152725','190','survey:POCUCPRUEBA-session:1-visita:1-question:POCUCPRUEBA-Factores Socioculturales-Fumador Activo-M.2',3,'',16,2),(190,'2025-11-13 22:18:08.154579','189','survey:POCUCPRUEBA-session:1-visita:1-question:POCUCPRUEBA-Factores Socioculturales-Fumador Activo-M.1',3,'',16,2),(191,'2025-11-13 22:18:08.156733','188','survey:POCUCPRUEBA-session:1-visita:1-question:POCUCPRUEBA-Factores Socioculturales-Fumador Activo-L.4',3,'',16,2),(192,'2025-11-13 22:18:08.158398','187','survey:POCUCPRUEBA-session:1-visita:1-question:POCUCPRUEBA-Factores Socioculturales-Fumador Activo-L.3',3,'',16,2),(193,'2025-11-13 22:18:08.160010','186','survey:POCUCPRUEBA-session:1-visita:1-question:POCUCPRUEBA-Factores Socioculturales-Fumador Activo-L.2',3,'',16,2),(194,'2025-11-13 22:18:08.163517','185','survey:POCUCPRUEBA-session:1-visita:1-question:POCUCPRUEBA-Factores Socioculturales-Fumador Activo-L.1',3,'',16,2),(195,'2025-11-13 22:18:08.166078','184','survey:POCUCPRUEBA-session:1-visita:1-question:POCUCPRUEBA-Factores Socioculturales-Fumador Activo-K.4',3,'',16,2),(196,'2025-11-13 22:18:08.168404','183','survey:POCUCPRUEBA-session:1-visita:1-question:POCUCPRUEBA-Factores Socioculturales-Fumador Activo-K.3',3,'',16,2),(197,'2025-11-13 22:18:08.170122','182','survey:POCUCPRUEBA-session:1-visita:1-question:POCUCPRUEBA-Factores Socioculturales-Fumador Activo-K.2',3,'',16,2),(198,'2025-11-13 22:18:08.173555','181','survey:POCUCPRUEBA-session:1-visita:1-question:POCUCPRUEBA-Factores Socioculturales-Fumador Activo-K.1',3,'',16,2),(199,'2025-11-13 22:18:08.179130','180','survey:POCUCPRUEBA-session:1-visita:1-question:POCUCPRUEBA-Factores Socioculturales-Fumador Activo-J.3',3,'',16,2),(200,'2025-11-13 22:18:08.184883','179','survey:POCUCPRUEBA-session:1-visita:1-question:POCUCPRUEBA-Factores Socioculturales-Fumador Activo-J.2',3,'',16,2),(201,'2025-11-13 22:18:08.190610','178','survey:POCUCPRUEBA-session:1-visita:1-question:POCUCPRUEBA-Factores Socioculturales-Fumador Activo-J.1',3,'',16,2),(202,'2025-11-13 22:18:08.200820','177','survey:POCUCPRUEBA-session:1-visita:1-question:POCUCPRUEBA-Factores Socioculturales-Fumador Activo-E.3',3,'',16,2),(203,'2025-11-13 22:18:08.203538','176','survey:POCUCPRUEBA-session:1-visita:1-question:POCUCPRUEBA-Factores Socioculturales-Fumador Activo-B.5',3,'',16,2),(204,'2025-11-13 22:18:08.207438','175','survey:POCUCPRUEBA-session:1-visita:1-question:POCUCPRUEBA-Factores Socioculturales-Fumador Activo-B.4',3,'',16,2),(205,'2025-11-13 22:18:08.211607','174','survey:POCUCPRUEBA-session:1-visita:1-question:POCUCPRUEBA-Factores Socioculturales-Fumador Activo-B.3',3,'',16,2),(206,'2025-11-13 22:18:08.213424','173','survey:POCUCPRUEBA-session:1-visita:1-question:POCUCPRUEBA-Factores Socioculturales-Fumador Activo-E.2',3,'',16,2),(207,'2025-11-13 22:18:08.217802','172','survey:POCUCPRUEBA-session:1-visita:1-question:POCUCPRUEBA-Factores Socioculturales-Fumador Activo-E.1',3,'',16,2),(208,'2025-11-13 22:18:08.219630','171','survey:POCUCPRUEBA-session:1-visita:1-question:POCUCPRUEBA-Factores Socioculturales-Fumador Activo-D.4',3,'',16,2),(209,'2025-11-13 22:18:08.225176','170','survey:POCUCPRUEBA-session:1-visita:1-question:POCUCPRUEBA-Factores Socioculturales-Fumador Activo-D.3',3,'',16,2),(210,'2025-11-13 22:18:08.227838','169','survey:POCUCPRUEBA-session:1-visita:1-question:POCUCPRUEBA-Factores Socioculturales-Fumador Activo-D.2',3,'',16,2),(211,'2025-11-13 22:18:08.229632','168','survey:POCUCPRUEBA-session:1-visita:1-question:POCUCPRUEBA-Factores Socioculturales-Fumador Activo-D.1',3,'',16,2),(212,'2025-11-13 22:18:08.234400','167','survey:POCUCPRUEBA-session:1-visita:1-question:POCUCPRUEBA-Factores Socioculturales-Fumador Activo-C.3',3,'',16,2),(213,'2025-11-13 22:18:08.237914','166','survey:POCUCPRUEBA-session:1-visita:1-question:POCUCPRUEBA-Factores Socioculturales-Fumador Activo-C.2',3,'',16,2),(214,'2025-11-13 22:18:08.243773','165','survey:POCUCPRUEBA-session:1-visita:1-question:POCUCPRUEBA-Factores Socioculturales-Fumador Activo-C.1',3,'',16,2),(215,'2025-11-13 22:18:08.247563','164','survey:POCUCPRUEBA-session:1-visita:1-question:POCUCPRUEBA-Factores Socioculturales-Fumador Activo-B.1',3,'',16,2),(216,'2025-11-13 22:18:08.250803','163','survey:POCUCPRUEBA-session:1-visita:1-question:POCUCPRUEBA-Factores Socioculturales-Fumador Activo-B.2',3,'',16,2),(217,'2025-11-13 22:18:08.253502','162','survey:POCUCPRUEBA-session:1-visita:1-question:POCUCPRUEBA-Factores Socioculturales-Fumador Activo-A',3,'',16,2),(218,'2025-11-13 22:21:56.455358','223','survey:POCUCPRUEBA-session:1-visita:1-question:POCUCPRUEBA-Factores Socioculturales-Fumador Activo-M.4',3,'',16,2),(219,'2025-11-13 22:21:56.456632','222','survey:POCUCPRUEBA-session:1-visita:1-question:POCUCPRUEBA-Factores Socioculturales-Fumador Activo-M.3',3,'',16,2),(220,'2025-11-13 22:21:56.457835','221','survey:POCUCPRUEBA-session:1-visita:1-question:POCUCPRUEBA-Factores Socioculturales-Fumador Activo-M.2',3,'',16,2),(221,'2025-11-13 22:21:56.459011','220','survey:POCUCPRUEBA-session:1-visita:1-question:POCUCPRUEBA-Factores Socioculturales-Fumador Activo-M.1',3,'',16,2),(222,'2025-11-13 22:21:56.460420','219','survey:POCUCPRUEBA-session:1-visita:1-question:POCUCPRUEBA-Factores Socioculturales-Fumador Activo-L.4',3,'',16,2),(223,'2025-11-13 22:21:56.461626','218','survey:POCUCPRUEBA-session:1-visita:1-question:POCUCPRUEBA-Factores Socioculturales-Fumador Activo-L.3',3,'',16,2),(224,'2025-11-13 22:21:56.462794','217','survey:POCUCPRUEBA-session:1-visita:1-question:POCUCPRUEBA-Factores Socioculturales-Fumador Activo-L.2',3,'',16,2),(225,'2025-11-13 22:21:56.463974','216','survey:POCUCPRUEBA-session:1-visita:1-question:POCUCPRUEBA-Factores Socioculturales-Fumador Activo-L.1',3,'',16,2),(226,'2025-11-13 22:21:56.465244','215','survey:POCUCPRUEBA-session:1-visita:1-question:POCUCPRUEBA-Factores Socioculturales-Fumador Activo-K.4',3,'',16,2),(227,'2025-11-13 22:21:56.466522','214','survey:POCUCPRUEBA-session:1-visita:1-question:POCUCPRUEBA-Factores Socioculturales-Fumador Activo-K.3',3,'',16,2),(228,'2025-11-13 22:21:56.468110','213','survey:POCUCPRUEBA-session:1-visita:1-question:POCUCPRUEBA-Factores Socioculturales-Fumador Activo-K.2',3,'',16,2),(229,'2025-11-13 22:21:56.469754','212','survey:POCUCPRUEBA-session:1-visita:1-question:POCUCPRUEBA-Factores Socioculturales-Fumador Activo-K.1',3,'',16,2),(230,'2025-11-13 22:21:56.471458','211','survey:POCUCPRUEBA-session:1-visita:1-question:POCUCPRUEBA-Factores Socioculturales-Fumador Activo-J.3',3,'',16,2),(231,'2025-11-13 22:21:56.472947','210','survey:POCUCPRUEBA-session:1-visita:1-question:POCUCPRUEBA-Factores Socioculturales-Fumador Activo-J.2',3,'',16,2),(232,'2025-11-13 22:21:56.474589','209','survey:POCUCPRUEBA-session:1-visita:1-question:POCUCPRUEBA-Factores Socioculturales-Fumador Activo-J.1',3,'',16,2),(233,'2025-11-13 22:21:56.476155','208','survey:POCUCPRUEBA-session:1-visita:1-question:POCUCPRUEBA-Factores Socioculturales-Fumador Activo-E.3',3,'',16,2),(234,'2025-11-13 22:21:56.477633','207','survey:POCUCPRUEBA-session:1-visita:1-question:POCUCPRUEBA-Factores Socioculturales-Fumador Activo-B.5',3,'',16,2),(235,'2025-11-13 22:21:56.479355','206','survey:POCUCPRUEBA-session:1-visita:1-question:POCUCPRUEBA-Factores Socioculturales-Fumador Activo-B.4',3,'',16,2),(236,'2025-11-13 22:21:56.480884','205','survey:POCUCPRUEBA-session:1-visita:1-question:POCUCPRUEBA-Factores Socioculturales-Fumador Activo-B.3',3,'',16,2),(237,'2025-11-13 22:21:56.482487','204','survey:POCUCPRUEBA-session:1-visita:1-question:POCUCPRUEBA-Factores Socioculturales-Fumador Activo-E.2',3,'',16,2),(238,'2025-11-13 22:21:56.484053','203','survey:POCUCPRUEBA-session:1-visita:1-question:POCUCPRUEBA-Factores Socioculturales-Fumador Activo-E.1',3,'',16,2),(239,'2025-11-13 22:21:56.485715','202','survey:POCUCPRUEBA-session:1-visita:1-question:POCUCPRUEBA-Factores Socioculturales-Fumador Activo-D.4',3,'',16,2),(240,'2025-11-13 22:21:56.487203','201','survey:POCUCPRUEBA-session:1-visita:1-question:POCUCPRUEBA-Factores Socioculturales-Fumador Activo-D.3',3,'',16,2),(241,'2025-11-13 22:21:56.488701','200','survey:POCUCPRUEBA-session:1-visita:1-question:POCUCPRUEBA-Factores Socioculturales-Fumador Activo-D.2',3,'',16,2),(242,'2025-11-13 22:21:56.490388','199','survey:POCUCPRUEBA-session:1-visita:1-question:POCUCPRUEBA-Factores Socioculturales-Fumador Activo-D.1',3,'',16,2),(243,'2025-11-13 22:21:56.491862','198','survey:POCUCPRUEBA-session:1-visita:1-question:POCUCPRUEBA-Factores Socioculturales-Fumador Activo-C.3',3,'',16,2),(244,'2025-11-13 22:21:56.493424','197','survey:POCUCPRUEBA-session:1-visita:1-question:POCUCPRUEBA-Factores Socioculturales-Fumador Activo-C.2',3,'',16,2),(245,'2025-11-13 22:21:56.494887','196','survey:POCUCPRUEBA-session:1-visita:1-question:POCUCPRUEBA-Factores Socioculturales-Fumador Activo-C.1',3,'',16,2),(246,'2025-11-13 22:21:56.496528','195','survey:POCUCPRUEBA-session:1-visita:1-question:POCUCPRUEBA-Factores Socioculturales-Fumador Activo-B.1',3,'',16,2),(247,'2025-11-13 22:21:56.498033','194','survey:POCUCPRUEBA-session:1-visita:1-question:POCUCPRUEBA-Factores Socioculturales-Fumador Activo-B.2',3,'',16,2),(248,'2025-11-13 22:21:56.499590','193','survey:POCUCPRUEBA-session:1-visita:1-question:POCUCPRUEBA-Factores Socioculturales-Fumador Activo-A',3,'',16,2),(249,'2025-11-13 22:26:23.704447','54','POCUCPRUEBA-Factores Socioculturales-Fumador Activo-M.2',2,'[{\"changed\": {\"fields\": [\"Question type\"]}}]',14,2),(250,'2025-11-15 23:11:52.940892','2','POCUCPRUEBA-Factores Socioculturales-Fumador Activo-B',2,'[{\"changed\": {\"fields\": [\"Position\"]}}]',14,2),(251,'2025-11-15 23:13:11.567846','3','POCUCPRUEBA-Factores Socioculturales-Fumador Activo-B.2',2,'[{\"changed\": {\"fields\": [\"Position\"]}}]',14,2),(252,'2025-11-15 23:15:51.759043','5','POCUCPRUEBA-Factores Socioculturales-Fumador Activo-C',2,'[{\"changed\": {\"fields\": [\"Position\"]}}]',14,2),(253,'2025-11-15 23:16:06.659796','6','POCUCPRUEBA-Factores Socioculturales-Fumador Activo-C.1',2,'[]',14,2),(254,'2025-11-15 23:16:15.811174','7','POCUCPRUEBA-Factores Socioculturales-Fumador Activo-C.2',2,'[{\"changed\": {\"fields\": [\"Position\"]}}]',14,2),(255,'2025-11-15 23:16:27.472126','8','POCUCPRUEBA-Factores Socioculturales-Fumador Activo-C.3',2,'[{\"changed\": {\"fields\": [\"Position\"]}}]',14,2),(256,'2025-11-15 23:16:55.986972','9','POCUCPRUEBA-Factores Socioculturales-Fumador Activo-D',2,'[{\"changed\": {\"fields\": [\"Position\"]}}]',14,2),(257,'2025-11-15 23:17:13.406558','11','POCUCPRUEBA-Factores Socioculturales-Fumador Activo-D.2',2,'[{\"changed\": {\"fields\": [\"Position\"]}}]',14,2),(258,'2025-11-15 23:17:30.784434','12','POCUCPRUEBA-Factores Socioculturales-Fumador Activo-D.3',2,'[{\"changed\": {\"fields\": [\"Position\"]}}]',14,2),(259,'2025-11-15 23:18:06.278723','13','POCUCPRUEBA-Factores Socioculturales-Fumador Activo-D.4',2,'[{\"changed\": {\"fields\": [\"Position\"]}}]',14,2),(260,'2025-11-15 23:21:21.445497','32','POCUCPRUEBA-Factores Socioculturales-Fumador Activo-B.3',2,'[{\"changed\": {\"fields\": [\"Position\"]}}]',14,2),(261,'2025-11-15 23:22:47.256225','33','POCUCPRUEBA-Factores Socioculturales-Fumador Activo-B.4',2,'[{\"changed\": {\"fields\": [\"Position\"]}}]',14,2),(262,'2025-11-15 23:22:56.498929','34','POCUCPRUEBA-Factores Socioculturales-Fumador Activo-B.5',2,'[{\"changed\": {\"fields\": [\"Position\"]}}]',14,2),(263,'2025-11-15 23:23:53.279759','14','POCUCPRUEBA-Factores Socioculturales-Fumador Activo-E',2,'[{\"changed\": {\"fields\": [\"Position\"]}}]',14,2),(264,'2025-11-15 23:24:03.569409','15','POCUCPRUEBA-Factores Socioculturales-Fumador Activo-E.1',2,'[]',14,2),(265,'2025-11-15 23:24:27.852911','16','POCUCPRUEBA-Factores Socioculturales-Fumador Activo-E.2',2,'[{\"changed\": {\"fields\": [\"Position\"]}}]',14,2),(266,'2025-11-15 23:24:40.544048','35','POCUCPRUEBA-Factores Socioculturales-Fumador Activo-E.3',2,'[{\"changed\": {\"fields\": [\"Position\"]}}]',14,2),(267,'2025-11-15 23:25:06.819087','17','POCUCPRUEBA-Factores Socioculturales-Fumador Activo-F',2,'[{\"changed\": {\"fields\": [\"Position\"]}}]',14,2),(268,'2025-11-15 23:25:17.219820','18','POCUCPRUEBA-Factores Socioculturales-Fumador Activo-F.1',2,'[]',14,2),(269,'2025-11-15 23:25:30.046071','19','POCUCPRUEBA-Factores Socioculturales-Fumador Activo-F.2',2,'[{\"changed\": {\"fields\": [\"Position\"]}}]',14,2),(270,'2025-11-15 23:25:44.058522','21','POCUCPRUEBA-Factores Socioculturales-Fumador Activo-F.3',2,'[{\"changed\": {\"fields\": [\"Position\"]}}]',14,2),(271,'2025-11-15 23:25:57.649927','36','POCUCPRUEBA-Factores Socioculturales-Fumador Activo-F.4',2,'[{\"changed\": {\"fields\": [\"Position\"]}}]',14,2),(272,'2025-11-15 23:26:32.049197','22','POCUCPRUEBA-Factores Socioculturales-Fumador Activo-G',2,'[{\"changed\": {\"fields\": [\"Position\"]}}]',14,2),(273,'2025-11-15 23:26:41.240443','23','POCUCPRUEBA-Factores Socioculturales-Fumador Activo-G.1',2,'[]',14,2),(274,'2025-11-15 23:26:54.407862','24','POCUCPRUEBA-Factores Socioculturales-Fumador Activo-G.2',2,'[{\"changed\": {\"fields\": [\"Position\"]}}]',14,2),(275,'2025-11-15 23:27:11.546753','25','POCUCPRUEBA-Factores Socioculturales-Fumador Activo-G.3',2,'[{\"changed\": {\"fields\": [\"Position\"]}}]',14,2),(276,'2025-11-15 23:27:22.648967','26','POCUCPRUEBA-Factores Socioculturales-Fumador Activo-G.4',2,'[{\"changed\": {\"fields\": [\"Position\"]}}]',14,2),(277,'2025-11-15 23:27:44.131974','27','POCUCPRUEBA-Factores Socioculturales-Fumador Activo-H',2,'[{\"changed\": {\"fields\": [\"Position\"]}}]',14,2),(278,'2025-11-15 23:28:02.659604','29','POCUCPRUEBA-Factores Socioculturales-Fumador Activo-H.2',2,'[{\"changed\": {\"fields\": [\"Position\"]}}]',14,2),(279,'2025-11-15 23:28:13.232970','30','POCUCPRUEBA-Factores Socioculturales-Fumador Activo-H.3',2,'[{\"changed\": {\"fields\": [\"Position\"]}}]',14,2),(280,'2025-11-15 23:28:23.692776','31','POCUCPRUEBA-Factores Socioculturales-Fumador Activo-H.4',2,'[{\"changed\": {\"fields\": [\"Position\"]}}]',14,2),(281,'2025-11-15 23:34:15.672415','38','POCUCPRUEBA-Factores Socioculturales-Fumador Activo-I',2,'[{\"changed\": {\"fields\": [\"Code\", \"Position\"]}}]',14,2),(282,'2025-11-15 23:34:46.368793','38','POCUCPRUEBA-Factores Socioculturales-Fumador Activo-I',2,'[{\"changed\": {\"fields\": [\"Position\"]}}]',14,2),(283,'2025-11-15 23:35:02.030684','39','POCUCPRUEBA-Factores Socioculturales-Fumador Activo-I.1',2,'[{\"changed\": {\"fields\": [\"Code\"]}}]',14,2),(284,'2025-11-15 23:35:15.551448','40','POCUCPRUEBA-Factores Socioculturales-Fumador Activo-I.2',2,'[{\"changed\": {\"fields\": [\"Code\", \"Position\"]}}]',14,2),(285,'2025-11-15 23:35:37.047906','41','POCUCPRUEBA-Factores Socioculturales-Fumador Activo-I.3',2,'[{\"changed\": {\"fields\": [\"Code\", \"Position\"]}}]',14,2),(286,'2025-11-15 23:36:46.360320','42','POCUCPRUEBA-Factores Socioculturales-Fumador Activo-K',2,'[{\"changed\": {\"fields\": [\"Position\"]}}]',14,2),(287,'2025-11-15 23:37:05.677356','43','POCUCPRUEBA-Factores Socioculturales-Fumador Activo-J.1',2,'[{\"changed\": {\"fields\": [\"Code\"]}}]',14,2),(288,'2025-11-15 23:37:19.440376','44','POCUCPRUEBA-Factores Socioculturales-Fumador Activo-J.2',2,'[{\"changed\": {\"fields\": [\"Code\", \"Position\"]}}]',14,2),(289,'2025-11-15 23:37:33.172747','45','POCUCPRUEBA-Factores Socioculturales-Fumador Activo-J.3',2,'[{\"changed\": {\"fields\": [\"Code\", \"Position\"]}}]',14,2),(290,'2025-11-15 23:37:47.194593','46','POCUCPRUEBA-Factores Socioculturales-Fumador Activo-J.4',2,'[{\"changed\": {\"fields\": [\"Code\", \"Position\"]}}]',14,2),(291,'2025-11-15 23:38:35.603992','42','POCUCPRUEBA-Factores Socioculturales-Fumador Activo-J',2,'[{\"changed\": {\"fields\": [\"Code\"]}}]',14,2),(292,'2025-11-15 23:39:25.792467','34','POCUCPRUEBA-Factores Socioculturales-Fumador Activo-B.5',2,'[]',14,2),(293,'2025-11-15 23:40:20.688439','47','POCUCPRUEBA-Factores Socioculturales-Fumador Activo-K',2,'[{\"changed\": {\"fields\": [\"Code\", \"Position\"]}}]',14,2),(294,'2025-11-15 23:40:37.746073','48','POCUCPRUEBA-Factores Socioculturales-Fumador Activo-K.1',2,'[{\"changed\": {\"fields\": [\"Code\"]}}]',14,2),(295,'2025-11-15 23:40:54.412506','49','POCUCPRUEBA-Factores Socioculturales-Fumador Activo-k.2',2,'[{\"changed\": {\"fields\": [\"Code\", \"Position\"]}}]',14,2),(296,'2025-11-15 23:41:12.601622','50','POCUCPRUEBA-Factores Socioculturales-Fumador Activo-k.3',2,'[{\"changed\": {\"fields\": [\"Code\", \"Position\"]}}]',14,2),(297,'2025-11-15 23:41:24.146029','51','POCUCPRUEBA-Factores Socioculturales-Fumador Activo-k.4',2,'[{\"changed\": {\"fields\": [\"Code\", \"Position\"]}}]',14,2),(298,'2025-11-15 23:42:20.406568','52','POCUCPRUEBA-Factores Socioculturales-Fumador Activo-L',2,'[{\"changed\": {\"fields\": [\"Code\", \"Position\"]}}]',14,2),(299,'2025-11-15 23:42:33.280208','53','POCUCPRUEBA-Factores Socioculturales-Fumador Activo-L.1',2,'[{\"changed\": {\"fields\": [\"Code\"]}}]',14,2),(300,'2025-11-15 23:42:46.920289','54','POCUCPRUEBA-Factores Socioculturales-Fumador Activo-L.2',2,'[{\"changed\": {\"fields\": [\"Code\", \"Position\"]}}]',14,2),(301,'2025-11-15 23:43:02.105933','55','POCUCPRUEBA-Factores Socioculturales-Fumador Activo-L.3',2,'[{\"changed\": {\"fields\": [\"Code\", \"Position\"]}}]',14,2),(302,'2025-11-15 23:43:12.129539','56','POCUCPRUEBA-Factores Socioculturales-Fumador Activo-L.4',2,'[{\"changed\": {\"fields\": [\"Code\", \"Position\"]}}]',14,2),(303,'2025-11-15 23:44:05.062269','57','POCUCPRUEBA-Factores Socioculturales-Fumador Activo-M',2,'[{\"changed\": {\"fields\": [\"Code\", \"Position\"]}}]',14,2),(304,'2025-11-15 23:46:02.508466','57','POCUCPRUEBA-Factores Socioculturales-Fumador Activo-N',2,'[{\"changed\": {\"fields\": [\"Code\"]}}]',14,2),(305,'2025-11-15 23:46:27.774534','57','POCUCPRUEBA-Factores Socioculturales-Fumador Activo-M',2,'[{\"changed\": {\"fields\": [\"Code\"]}}]',14,2),(306,'2025-11-15 23:46:54.694579','58','POCUCPRUEBA-Factores Socioculturales-Fumador Activo-N',2,'[{\"changed\": {\"fields\": [\"Code\", \"Position\"]}}]',14,2),(307,'2025-11-15 23:47:05.639437','59','POCUCPRUEBA-Factores Socioculturales-Fumador Activo-N.1',2,'[{\"changed\": {\"fields\": [\"Code\"]}}]',14,2),(308,'2025-11-15 23:47:16.993922','60','POCUCPRUEBA-Factores Socioculturales-Fumador Activo-N.2',2,'[{\"changed\": {\"fields\": [\"Code\", \"Position\"]}}]',14,2),(309,'2025-11-15 23:47:51.474416','61','POCUCPRUEBA-Factores Socioculturales-Fumador Activo-N.3',2,'[{\"changed\": {\"fields\": [\"Code\", \"Position\"]}}]',14,2),(310,'2025-11-15 23:48:03.064989','62','POCUCPRUEBA-Factores Socioculturales-Fumador Activo-N.4',2,'[{\"changed\": {\"fields\": [\"Code\", \"Position\"]}}]',14,2),(311,'2025-11-15 23:48:58.074394','63','POCUCPRUEBA-Factores Socioculturales-Fumador Activo-Ñ',2,'[{\"changed\": {\"fields\": [\"Code\", \"Position\"]}}]',14,2),(312,'2025-11-15 23:49:11.004087','64','POCUCPRUEBA-Factores Socioculturales-Fumador Activo-Ñ.1',2,'[{\"changed\": {\"fields\": [\"Code\"]}}]',14,2),(313,'2025-11-15 23:49:51.975178','65','POCUCPRUEBA-Factores Socioculturales-Fumador Activo-Ñ.2',2,'[{\"changed\": {\"fields\": [\"Code\", \"Position\"]}}]',14,2),(314,'2025-11-15 23:50:14.402092','66','POCUCPRUEBA-Factores Socioculturales-Fumador Activo-Ñ.3',2,'[{\"changed\": {\"fields\": [\"Code\", \"Position\"]}}]',14,2),(315,'2025-11-16 00:03:21.369638','67','POCUCPRUEBA-Factores Socioculturales-Fumador Activo-J',1,'[{\"added\": {}}]',14,2),(316,'2025-11-16 00:06:07.684415','67','POCUCPRUEBA-Factores Socioculturales-Fumador Activo-J',3,'',14,2),(317,'2025-11-16 00:06:44.477299','38','POCUCPRUEBA-Factores Socioculturales-Fumador Activo-I',2,'[{\"changed\": {\"fields\": [\"Description\"]}}]',14,2),(318,'2025-11-16 00:08:05.260012','68','POCUCPRUEBA-Factores Socioculturales-Fumador Activo-II',1,'[{\"added\": {}}]',14,2),(319,'2025-11-16 00:15:05.249035','69','POCUCPRUEBA-Factores Socioculturales-Fumador Activo-II.1',1,'[{\"added\": {}}]',14,2),(320,'2025-11-16 00:15:36.942855','70','POCUCPRUEBA-Factores Socioculturales-Fumador Activo-II.2',1,'[{\"added\": {}}]',14,2),(321,'2025-11-16 00:16:14.080116','71','POCUCPRUEBA-Factores Socioculturales-Fumador Activo-II.3',1,'[{\"added\": {}}]',14,2),(322,'2025-11-16 00:16:44.351318','72','POCUCPRUEBA-Factores Socioculturales-Fumador Activo-II.4',1,'[{\"added\": {}}]',14,2),(323,'2025-11-16 00:18:59.933514','73','POCUCPRUEBA-Factores Socioculturales-Fumador Activo-III',1,'[{\"added\": {}}]',14,2),(324,'2025-11-16 00:19:26.972033','73','POCUCPRUEBA-Factores Socioculturales-Fumador Activo-III',2,'[{\"changed\": {\"fields\": [\"Is required\"]}}]',14,2),(325,'2025-11-16 00:19:27.772716','73','POCUCPRUEBA-Factores Socioculturales-Fumador Activo-III',2,'[]',14,2),(326,'2025-11-16 00:20:56.869133','74','POCUCPRUEBA-Factores Socioculturales-Fumador Activo-III.1',1,'[{\"added\": {}}]',14,2),(327,'2025-11-16 00:21:24.660971','75','POCUCPRUEBA-Factores Socioculturales-Fumador Activo-III.2',1,'[{\"added\": {}}]',14,2),(328,'2025-11-16 00:22:20.680630','76','POCUCPRUEBA-Factores Socioculturales-Fumador Activo-III.3',1,'[{\"added\": {}}]',14,2),(329,'2025-11-16 00:22:50.737414','77','POCUCPRUEBA-Factores Socioculturales-Fumador Activo-III.4',1,'[{\"added\": {}}]',14,2),(330,'2025-11-16 00:23:01.764076','38','POCUCPRUEBA-Factores Socioculturales-Fumador Activo-I',2,'[{\"changed\": {\"fields\": [\"Is required\"]}}]',14,2),(331,'2025-11-16 00:23:16.697336','39','POCUCPRUEBA-Factores Socioculturales-Fumador Activo-I.1',2,'[{\"changed\": {\"fields\": [\"Is required\"]}}]',14,2),(332,'2025-11-16 00:23:38.668601','40','POCUCPRUEBA-Factores Socioculturales-Fumador Activo-I.2',2,'[{\"changed\": {\"fields\": [\"Is required\"]}}]',14,2),(333,'2025-11-16 00:23:51.146320','41','POCUCPRUEBA-Factores Socioculturales-Fumador Activo-I.3',2,'[{\"changed\": {\"fields\": [\"Is required\"]}}]',14,2),(334,'2025-11-16 00:24:59.239595','68','POCUCPRUEBA-Factores Socioculturales-Fumador Activo-II',2,'[{\"changed\": {\"fields\": [\"Is required\"]}}]',14,2),(335,'2025-11-16 00:25:14.292412','69','POCUCPRUEBA-Factores Socioculturales-Fumador Activo-II.1',2,'[{\"changed\": {\"fields\": [\"Is required\"]}}]',14,2),(336,'2025-11-16 00:26:00.563627','71','POCUCPRUEBA-Factores Socioculturales-Fumador Activo-II.3',2,'[{\"changed\": {\"fields\": [\"Description\", \"Is required\"]}}]',14,2),(337,'2025-11-16 00:26:26.219597','70','POCUCPRUEBA-Factores Socioculturales-Fumador Activo-II.2',2,'[{\"changed\": {\"fields\": [\"Description\", \"Is required\"]}}]',14,2),(338,'2025-11-16 00:26:43.217926','73','POCUCPRUEBA-Factores Socioculturales-Fumador Activo-III',2,'[]',14,2),(339,'2025-11-16 00:27:23.968772','75','POCUCPRUEBA-Factores Socioculturales-Fumador Activo-III.2',2,'[{\"changed\": {\"fields\": [\"Description\"]}}]',14,2),(340,'2025-11-16 00:27:41.850566','76','POCUCPRUEBA-Factores Socioculturales-Fumador Activo-III.3',2,'[{\"changed\": {\"fields\": [\"Description\"]}}]',14,2),(341,'2025-11-16 00:28:37.165780','77','POCUCPRUEBA-Factores Socioculturales-Fumador Activo-III.4',3,'',14,2),(342,'2025-11-16 00:28:37.167307','72','POCUCPRUEBA-Factores Socioculturales-Fumador Activo-II.4',3,'',14,2),(343,'2025-11-16 00:30:02.427664','40','POCUCPRUEBA-Factores Socioculturales-Fumador Activo-I.2',2,'[{\"changed\": {\"fields\": [\"Description\"]}}]',14,2),(344,'2025-11-18 16:43:55.570683','2','Fumador pasivo',1,'[{\"added\": {}}]',13,2),(345,'2025-11-18 16:48:14.314170','78','POCUCPRUEBA-Factores Socioculturales-Fumador pasivo-A',1,'[{\"added\": {}}]',14,2),(346,'2025-11-18 16:52:56.845273','78','POCUCPRUEBA-Factores Socioculturales-Fumador pasivo-O',2,'[{\"changed\": {\"fields\": [\"Code\", \"Position\"]}}]',14,2),(347,'2025-11-18 16:56:38.458796','79','POCUCPRUEBA-Factores Socioculturales-Fumador pasivo-P',1,'[{\"added\": {}}]',14,2),(348,'2025-11-18 16:58:14.558824','80','POCUCPRUEBA-Factores Socioculturales-Fumador pasivo-Q',1,'[{\"added\": {}}]',14,2),(349,'2025-11-18 16:59:34.645557','81','POCUCPRUEBA-Factores Socioculturales-Fumador pasivo-Q.1',1,'[{\"added\": {}}]',14,2),(350,'2025-11-18 17:01:01.310210','82','POCUCPRUEBA-Factores Socioculturales-Fumador pasivo-Q.2',1,'[{\"added\": {}}]',14,2),(351,'2025-11-18 17:01:13.276466','82','POCUCPRUEBA-Factores Socioculturales-Fumador pasivo-Q.2',2,'[{\"changed\": {\"fields\": [\"Is required\"]}}]',14,2),(352,'2025-11-18 17:02:07.352902','83','POCUCPRUEBA-Factores Socioculturales-Fumador pasivo-Q.3',1,'[{\"added\": {}}]',14,2),(353,'2025-11-18 17:02:57.465068','84','POCUCPRUEBA-Factores Socioculturales-Fumador pasivo-Q.4',1,'[{\"added\": {}}]',14,2),(354,'2025-11-18 17:03:32.653288','85','POCUCPRUEBA-Factores Socioculturales-Fumador pasivo-Q.5',1,'[{\"added\": {}}]',14,2),(355,'2025-11-18 17:07:07.216598','86','POCUCPRUEBA-Factores Socioculturales-Fumador pasivo-R',1,'[{\"added\": {}}]',14,2),(356,'2025-11-18 17:08:21.866903','87','POCUCPRUEBA-Factores Socioculturales-Fumador pasivo-R.1',1,'[{\"added\": {}}]',14,2),(357,'2025-11-18 17:09:00.685798','88','POCUCPRUEBA-Factores Socioculturales-Fumador pasivo-R.2',1,'[{\"added\": {}}]',14,2),(358,'2025-11-18 17:09:12.051116','88','POCUCPRUEBA-Factores Socioculturales-Fumador pasivo-R.2',2,'[{\"changed\": {\"fields\": [\"Position\"]}}]',14,2),(359,'2025-11-18 17:10:16.252984','89','POCUCPRUEBA-Factores Socioculturales-Fumador pasivo-R.3',1,'[{\"added\": {}}]',14,2),(360,'2025-11-18 17:10:50.250200','90','POCUCPRUEBA-Factores Socioculturales-Fumador pasivo-R.4',1,'[{\"added\": {}}]',14,2),(361,'2025-11-18 17:10:51.816218','91','POCUCPRUEBA-Factores Socioculturales-Fumador pasivo-R.4',1,'[{\"added\": {}}]',14,2),(362,'2025-11-18 17:11:52.667793','91','POCUCPRUEBA-Factores Socioculturales-Fumador pasivo-R.4',3,'',14,2),(363,'2025-11-18 17:14:44.453858','92','POCUCPRUEBA-Factores Socioculturales-Fumador pasivo-S',1,'[{\"added\": {}}]',14,2),(364,'2025-11-18 17:16:21.577493','93','POCUCPRUEBA-Factores Socioculturales-Fumador pasivo-S.1',1,'[{\"added\": {}}]',14,2),(365,'2025-11-18 17:16:59.445288','94','POCUCPRUEBA-Factores Socioculturales-Fumador pasivo-S.2',1,'[{\"added\": {}}]',14,2),(366,'2025-11-18 17:18:06.050513','95','POCUCPRUEBA-Factores Socioculturales-Fumador pasivo-S.3',1,'[{\"added\": {}}]',14,2),(367,'2025-11-18 17:19:01.879698','96','POCUCPRUEBA-Factores Socioculturales-Fumador pasivo-S.4',1,'[{\"added\": {}}]',14,2),(368,'2025-11-18 17:27:43.482629','339','survey:POCUCPRUEBA-session:1-visita:2-question:POCUCPRUEBA-Factores Socioculturales-Fumador pasivo-S.4',3,'',16,2),(369,'2025-11-18 17:27:43.489093','338','survey:POCUCPRUEBA-session:1-visita:2-question:POCUCPRUEBA-Factores Socioculturales-Fumador pasivo-S.3',3,'',16,2),(370,'2025-11-18 17:27:43.497597','337','survey:POCUCPRUEBA-session:1-visita:2-question:POCUCPRUEBA-Factores Socioculturales-Fumador pasivo-S.2',3,'',16,2),(371,'2025-11-18 17:27:43.503584','336','survey:POCUCPRUEBA-session:1-visita:2-question:POCUCPRUEBA-Factores Socioculturales-Fumador pasivo-S.1',3,'',16,2),(372,'2025-11-18 17:27:43.507824','335','survey:POCUCPRUEBA-session:1-visita:2-question:POCUCPRUEBA-Factores Socioculturales-Fumador pasivo-R.4',3,'',16,2),(373,'2025-11-18 17:27:43.514606','334','survey:POCUCPRUEBA-session:1-visita:2-question:POCUCPRUEBA-Factores Socioculturales-Fumador pasivo-R.3',3,'',16,2),(374,'2025-11-18 17:27:43.522394','333','survey:POCUCPRUEBA-session:1-visita:2-question:POCUCPRUEBA-Factores Socioculturales-Fumador pasivo-R.2',3,'',16,2),(375,'2025-11-18 17:27:43.526604','332','survey:POCUCPRUEBA-session:1-visita:2-question:POCUCPRUEBA-Factores Socioculturales-Fumador pasivo-R.1',3,'',16,2),(376,'2025-11-18 17:27:43.530571','331','survey:POCUCPRUEBA-session:1-visita:2-question:POCUCPRUEBA-Factores Socioculturales-Fumador pasivo-P',3,'',16,2),(377,'2025-11-18 17:27:43.535817','330','survey:POCUCPRUEBA-session:1-visita:2-question:POCUCPRUEBA-Factores Socioculturales-Fumador pasivo-O',3,'',16,2),(378,'2025-11-18 17:27:43.539543','329','survey:POCUCPRUEBA-session:1-visita:2-question:POCUCPRUEBA-Factores Socioculturales-Fumador Activo-L.4',3,'',16,2),(379,'2025-11-18 17:27:43.547593','328','survey:POCUCPRUEBA-session:1-visita:2-question:POCUCPRUEBA-Factores Socioculturales-Fumador Activo-L.3',3,'',16,2),(380,'2025-11-18 17:27:43.549270','327','survey:POCUCPRUEBA-session:1-visita:2-question:POCUCPRUEBA-Factores Socioculturales-Fumador Activo-L.2',3,'',16,2),(381,'2025-11-18 17:27:43.557491','326','survey:POCUCPRUEBA-session:1-visita:2-question:POCUCPRUEBA-Factores Socioculturales-Fumador Activo-L.1',3,'',16,2),(382,'2025-11-18 17:27:43.561579','325','survey:POCUCPRUEBA-session:1-visita:2-question:POCUCPRUEBA-Factores Socioculturales-Fumador Activo-k.4',3,'',16,2),(383,'2025-11-18 17:27:43.563206','324','survey:POCUCPRUEBA-session:1-visita:2-question:POCUCPRUEBA-Factores Socioculturales-Fumador Activo-k.3',3,'',16,2),(384,'2025-11-18 17:27:43.569511','323','survey:POCUCPRUEBA-session:1-visita:2-question:POCUCPRUEBA-Factores Socioculturales-Fumador Activo-k.2',3,'',16,2),(385,'2025-11-18 17:27:43.574577','322','survey:POCUCPRUEBA-session:1-visita:2-question:POCUCPRUEBA-Factores Socioculturales-Fumador Activo-K.1',3,'',16,2),(386,'2025-11-18 17:27:43.576257','321','survey:POCUCPRUEBA-session:1-visita:2-question:POCUCPRUEBA-Factores Socioculturales-Fumador Activo-J.4',3,'',16,2),(387,'2025-11-18 17:27:43.581569','320','survey:POCUCPRUEBA-session:1-visita:2-question:POCUCPRUEBA-Factores Socioculturales-Fumador Activo-J.3',3,'',16,2),(388,'2025-11-18 17:27:43.587339','319','survey:POCUCPRUEBA-session:1-visita:2-question:POCUCPRUEBA-Factores Socioculturales-Fumador Activo-J.2',3,'',16,2),(389,'2025-11-18 17:27:43.594674','318','survey:POCUCPRUEBA-session:1-visita:2-question:POCUCPRUEBA-Factores Socioculturales-Fumador Activo-J.1',3,'',16,2),(390,'2025-11-18 17:27:43.598541','317','survey:POCUCPRUEBA-session:1-visita:2-question:POCUCPRUEBA-Factores Socioculturales-Fumador Activo-E.3',3,'',16,2),(391,'2025-11-18 17:27:43.604466','316','survey:POCUCPRUEBA-session:1-visita:2-question:POCUCPRUEBA-Factores Socioculturales-Fumador Activo-B.5',3,'',16,2),(392,'2025-11-18 17:27:43.619152','315','survey:POCUCPRUEBA-session:1-visita:2-question:POCUCPRUEBA-Factores Socioculturales-Fumador Activo-B.4',3,'',16,2),(393,'2025-11-18 17:27:43.628560','314','survey:POCUCPRUEBA-session:1-visita:2-question:POCUCPRUEBA-Factores Socioculturales-Fumador Activo-B.3',3,'',16,2),(394,'2025-11-18 17:27:43.631404','313','survey:POCUCPRUEBA-session:1-visita:2-question:POCUCPRUEBA-Factores Socioculturales-Fumador Activo-H.4',3,'',16,2),(395,'2025-11-18 17:27:43.640223','312','survey:POCUCPRUEBA-session:1-visita:2-question:POCUCPRUEBA-Factores Socioculturales-Fumador Activo-H.3',3,'',16,2),(396,'2025-11-18 17:27:43.642876','311','survey:POCUCPRUEBA-session:1-visita:2-question:POCUCPRUEBA-Factores Socioculturales-Fumador Activo-H.2',3,'',16,2),(397,'2025-11-18 17:27:43.646428','310','survey:POCUCPRUEBA-session:1-visita:2-question:POCUCPRUEBA-Factores Socioculturales-Fumador Activo-H.1',3,'',16,2),(398,'2025-11-18 17:27:43.651487','309','survey:POCUCPRUEBA-session:1-visita:2-question:POCUCPRUEBA-Factores Socioculturales-Fumador Activo-E.2',3,'',16,2),(399,'2025-11-18 17:27:43.654769','308','survey:POCUCPRUEBA-session:1-visita:2-question:POCUCPRUEBA-Factores Socioculturales-Fumador Activo-E.1',3,'',16,2),(400,'2025-11-18 17:27:43.656804','307','survey:POCUCPRUEBA-session:1-visita:2-question:POCUCPRUEBA-Factores Socioculturales-Fumador Activo-D.4',3,'',16,2),(401,'2025-11-18 17:27:43.660576','306','survey:POCUCPRUEBA-session:1-visita:2-question:POCUCPRUEBA-Factores Socioculturales-Fumador Activo-D.3',3,'',16,2),(402,'2025-11-18 17:27:43.662557','305','survey:POCUCPRUEBA-session:1-visita:2-question:POCUCPRUEBA-Factores Socioculturales-Fumador Activo-D.2',3,'',16,2),(403,'2025-11-18 17:27:43.666852','304','survey:POCUCPRUEBA-session:1-visita:2-question:POCUCPRUEBA-Factores Socioculturales-Fumador Activo-D.1',3,'',16,2),(404,'2025-11-18 17:27:43.668477','303','survey:POCUCPRUEBA-session:1-visita:2-question:POCUCPRUEBA-Factores Socioculturales-Fumador Activo-C.3',3,'',16,2),(405,'2025-11-18 17:27:43.675376','302','survey:POCUCPRUEBA-session:1-visita:2-question:POCUCPRUEBA-Factores Socioculturales-Fumador Activo-C.2',3,'',16,2),(406,'2025-11-18 17:27:43.682277','301','survey:POCUCPRUEBA-session:1-visita:2-question:POCUCPRUEBA-Factores Socioculturales-Fumador Activo-C.1',3,'',16,2),(407,'2025-11-18 17:27:43.691527','300','survey:POCUCPRUEBA-session:1-visita:2-question:POCUCPRUEBA-Factores Socioculturales-Fumador Activo-B.1',3,'',16,2),(408,'2025-11-18 17:27:43.693565','299','survey:POCUCPRUEBA-session:1-visita:2-question:POCUCPRUEBA-Factores Socioculturales-Fumador Activo-B.2',3,'',16,2),(409,'2025-11-18 17:27:43.696050','298','survey:POCUCPRUEBA-session:1-visita:2-question:POCUCPRUEBA-Factores Socioculturales-Fumador Activo-A',3,'',16,2),(410,'2025-11-18 17:27:43.701618','297','survey:POCUCPRUEBA-session:1-visita:1-question:POCUCPRUEBA-Factores Socioculturales-Fumador Activo-L.4',3,'',16,2),(411,'2025-11-18 17:27:43.704991','296','survey:POCUCPRUEBA-session:1-visita:1-question:POCUCPRUEBA-Factores Socioculturales-Fumador Activo-L.3',3,'',16,2),(412,'2025-11-18 17:27:43.707519','295','survey:POCUCPRUEBA-session:1-visita:1-question:POCUCPRUEBA-Factores Socioculturales-Fumador Activo-L.2',3,'',16,2),(413,'2025-11-18 17:27:43.711538','294','survey:POCUCPRUEBA-session:1-visita:1-question:POCUCPRUEBA-Factores Socioculturales-Fumador Activo-L.1',3,'',16,2),(414,'2025-11-18 17:27:43.714122','293','survey:POCUCPRUEBA-session:1-visita:1-question:POCUCPRUEBA-Factores Socioculturales-Fumador Activo-k.4',3,'',16,2),(415,'2025-11-18 17:27:43.719160','292','survey:POCUCPRUEBA-session:1-visita:1-question:POCUCPRUEBA-Factores Socioculturales-Fumador Activo-k.3',3,'',16,2),(416,'2025-11-18 17:27:43.726817','291','survey:POCUCPRUEBA-session:1-visita:1-question:POCUCPRUEBA-Factores Socioculturales-Fumador Activo-k.2',3,'',16,2),(417,'2025-11-18 17:27:43.730303','290','survey:POCUCPRUEBA-session:1-visita:1-question:POCUCPRUEBA-Factores Socioculturales-Fumador Activo-K.1',3,'',16,2),(418,'2025-11-18 17:27:43.731998','289','survey:POCUCPRUEBA-session:1-visita:1-question:POCUCPRUEBA-Factores Socioculturales-Fumador Activo-J.4',3,'',16,2),(419,'2025-11-18 17:27:43.735289','288','survey:POCUCPRUEBA-session:1-visita:1-question:POCUCPRUEBA-Factores Socioculturales-Fumador Activo-J.3',3,'',16,2),(420,'2025-11-18 17:27:43.737538','287','survey:POCUCPRUEBA-session:1-visita:1-question:POCUCPRUEBA-Factores Socioculturales-Fumador Activo-J.2',3,'',16,2),(421,'2025-11-18 17:27:43.741539','286','survey:POCUCPRUEBA-session:1-visita:1-question:POCUCPRUEBA-Factores Socioculturales-Fumador Activo-J.1',3,'',16,2),(422,'2025-11-18 17:27:43.748025','285','survey:POCUCPRUEBA-session:1-visita:1-question:POCUCPRUEBA-Factores Socioculturales-Fumador Activo-I.3',3,'',16,2),(423,'2025-11-18 17:27:43.750564','284','survey:POCUCPRUEBA-session:1-visita:1-question:POCUCPRUEBA-Factores Socioculturales-Fumador Activo-I.2',3,'',16,2),(424,'2025-11-18 17:27:43.759600','283','survey:POCUCPRUEBA-session:1-visita:1-question:POCUCPRUEBA-Factores Socioculturales-Fumador Activo-I.1',3,'',16,2),(425,'2025-11-18 17:27:43.761153','282','survey:POCUCPRUEBA-session:1-visita:1-question:POCUCPRUEBA-Factores Socioculturales-Fumador Activo-F.4',3,'',16,2),(426,'2025-11-18 17:27:43.766806','281','survey:POCUCPRUEBA-session:1-visita:1-question:POCUCPRUEBA-Factores Socioculturales-Fumador Activo-E.3',3,'',16,2),(427,'2025-11-18 17:27:43.773934','280','survey:POCUCPRUEBA-session:1-visita:1-question:POCUCPRUEBA-Factores Socioculturales-Fumador Activo-B.5',3,'',16,2),(428,'2025-11-18 17:27:43.781031','279','survey:POCUCPRUEBA-session:1-visita:1-question:POCUCPRUEBA-Factores Socioculturales-Fumador Activo-B.4',3,'',16,2),(429,'2025-11-18 17:27:43.790579','278','survey:POCUCPRUEBA-session:1-visita:1-question:POCUCPRUEBA-Factores Socioculturales-Fumador Activo-B.3',3,'',16,2),(430,'2025-11-18 17:27:43.798309','277','survey:POCUCPRUEBA-session:1-visita:1-question:POCUCPRUEBA-Factores Socioculturales-Fumador Activo-H.4',3,'',16,2),(431,'2025-11-18 17:27:43.800622','276','survey:POCUCPRUEBA-session:1-visita:1-question:POCUCPRUEBA-Factores Socioculturales-Fumador Activo-H.3',3,'',16,2),(432,'2025-11-18 17:27:43.806481','275','survey:POCUCPRUEBA-session:1-visita:1-question:POCUCPRUEBA-Factores Socioculturales-Fumador Activo-H.2',3,'',16,2),(433,'2025-11-18 17:27:43.811954','274','survey:POCUCPRUEBA-session:1-visita:1-question:POCUCPRUEBA-Factores Socioculturales-Fumador Activo-H.1',3,'',16,2),(434,'2025-11-18 17:27:43.817073','273','survey:POCUCPRUEBA-session:1-visita:1-question:POCUCPRUEBA-Factores Socioculturales-Fumador Activo-G.4',3,'',16,2),(435,'2025-11-18 17:27:43.824955','272','survey:POCUCPRUEBA-session:1-visita:1-question:POCUCPRUEBA-Factores Socioculturales-Fumador Activo-G.3',3,'',16,2),(436,'2025-11-18 17:27:43.832537','271','survey:POCUCPRUEBA-session:1-visita:1-question:POCUCPRUEBA-Factores Socioculturales-Fumador Activo-G.2',3,'',16,2),(437,'2025-11-18 17:27:43.834267','270','survey:POCUCPRUEBA-session:1-visita:1-question:POCUCPRUEBA-Factores Socioculturales-Fumador Activo-G.1',3,'',16,2),(438,'2025-11-18 17:27:43.840347','269','survey:POCUCPRUEBA-session:1-visita:1-question:POCUCPRUEBA-Factores Socioculturales-Fumador Activo-F.3',3,'',16,2),(439,'2025-11-18 17:27:43.843551','268','survey:POCUCPRUEBA-session:1-visita:1-question:POCUCPRUEBA-Factores Socioculturales-Fumador Activo-F.2',3,'',16,2),(440,'2025-11-18 17:27:43.846466','267','survey:POCUCPRUEBA-session:1-visita:1-question:POCUCPRUEBA-Factores Socioculturales-Fumador Activo-F.1',3,'',16,2),(441,'2025-11-18 17:27:43.848977','266','survey:POCUCPRUEBA-session:1-visita:1-question:POCUCPRUEBA-Factores Socioculturales-Fumador Activo-E.2',3,'',16,2),(442,'2025-11-18 17:27:43.852684','265','survey:POCUCPRUEBA-session:1-visita:1-question:POCUCPRUEBA-Factores Socioculturales-Fumador Activo-E.1',3,'',16,2),(443,'2025-11-18 17:27:43.856570','264','survey:POCUCPRUEBA-session:1-visita:1-question:POCUCPRUEBA-Factores Socioculturales-Fumador Activo-D.4',3,'',16,2),(444,'2025-11-18 17:27:43.860525','263','survey:POCUCPRUEBA-session:1-visita:1-question:POCUCPRUEBA-Factores Socioculturales-Fumador Activo-D.3',3,'',16,2),(445,'2025-11-18 17:27:43.862173','262','survey:POCUCPRUEBA-session:1-visita:1-question:POCUCPRUEBA-Factores Socioculturales-Fumador Activo-D.2',3,'',16,2),(446,'2025-11-18 17:27:43.865039','261','survey:POCUCPRUEBA-session:1-visita:1-question:POCUCPRUEBA-Factores Socioculturales-Fumador Activo-D.1',3,'',16,2),(447,'2025-11-18 17:27:43.867841','260','survey:POCUCPRUEBA-session:1-visita:1-question:POCUCPRUEBA-Factores Socioculturales-Fumador Activo-C.3',3,'',16,2),(448,'2025-11-18 17:27:43.870535','259','survey:POCUCPRUEBA-session:1-visita:1-question:POCUCPRUEBA-Factores Socioculturales-Fumador Activo-C.2',3,'',16,2),(449,'2025-11-18 17:27:43.872907','258','survey:POCUCPRUEBA-session:1-visita:1-question:POCUCPRUEBA-Factores Socioculturales-Fumador Activo-C.1',3,'',16,2),(450,'2025-11-18 17:27:43.875521','257','survey:POCUCPRUEBA-session:1-visita:1-question:POCUCPRUEBA-Factores Socioculturales-Fumador Activo-B.1',3,'',16,2),(451,'2025-11-18 17:27:43.878755','256','survey:POCUCPRUEBA-session:1-visita:1-question:POCUCPRUEBA-Factores Socioculturales-Fumador Activo-B.2',3,'',16,2),(452,'2025-11-18 17:27:43.881550','255','survey:POCUCPRUEBA-session:1-visita:1-question:POCUCPRUEBA-Factores Socioculturales-Fumador Activo-A',3,'',16,2),(453,'2025-11-18 19:41:48.884228','423','survey:POCUCPRUEBA-session:1-visita:2-question:POCUCPRUEBA-Factores Socioculturales-Fumador pasivo-S.4',3,'',16,2),(454,'2025-11-18 19:41:48.889538','422','survey:POCUCPRUEBA-session:1-visita:2-question:POCUCPRUEBA-Factores Socioculturales-Fumador pasivo-S.3',3,'',16,2),(455,'2025-11-18 19:41:48.893651','421','survey:POCUCPRUEBA-session:1-visita:2-question:POCUCPRUEBA-Factores Socioculturales-Fumador pasivo-S.2',3,'',16,2),(456,'2025-11-18 19:41:48.899610','420','survey:POCUCPRUEBA-session:1-visita:2-question:POCUCPRUEBA-Factores Socioculturales-Fumador pasivo-S.1',3,'',16,2),(457,'2025-11-18 19:41:48.901636','419','survey:POCUCPRUEBA-session:1-visita:2-question:POCUCPRUEBA-Factores Socioculturales-Fumador pasivo-R.4',3,'',16,2),(458,'2025-11-18 19:41:48.903197','418','survey:POCUCPRUEBA-session:1-visita:2-question:POCUCPRUEBA-Factores Socioculturales-Fumador pasivo-R.3',3,'',16,2),(459,'2025-11-18 19:41:48.905864','417','survey:POCUCPRUEBA-session:1-visita:2-question:POCUCPRUEBA-Factores Socioculturales-Fumador pasivo-R.2',3,'',16,2),(460,'2025-11-18 19:41:48.907573','416','survey:POCUCPRUEBA-session:1-visita:2-question:POCUCPRUEBA-Factores Socioculturales-Fumador pasivo-R.1',3,'',16,2),(461,'2025-11-18 19:41:48.909012','415','survey:POCUCPRUEBA-session:1-visita:2-question:POCUCPRUEBA-Factores Socioculturales-Fumador pasivo-P',3,'',16,2),(462,'2025-11-18 19:41:48.911066','414','survey:POCUCPRUEBA-session:1-visita:2-question:POCUCPRUEBA-Factores Socioculturales-Fumador pasivo-O',3,'',16,2),(463,'2025-11-18 19:41:48.916130','413','survey:POCUCPRUEBA-session:1-visita:2-question:POCUCPRUEBA-Factores Socioculturales-Fumador Activo-L.4',3,'',16,2),(464,'2025-11-18 19:41:48.918117','412','survey:POCUCPRUEBA-session:1-visita:2-question:POCUCPRUEBA-Factores Socioculturales-Fumador Activo-L.3',3,'',16,2),(465,'2025-11-18 19:41:48.920580','411','survey:POCUCPRUEBA-session:1-visita:2-question:POCUCPRUEBA-Factores Socioculturales-Fumador Activo-L.2',3,'',16,2),(466,'2025-11-18 19:41:48.925586','410','survey:POCUCPRUEBA-session:1-visita:2-question:POCUCPRUEBA-Factores Socioculturales-Fumador Activo-L.1',3,'',16,2),(467,'2025-11-18 19:41:48.929648','409','survey:POCUCPRUEBA-session:1-visita:2-question:POCUCPRUEBA-Factores Socioculturales-Fumador Activo-k.4',3,'',16,2),(468,'2025-11-18 19:41:48.931193','408','survey:POCUCPRUEBA-session:1-visita:2-question:POCUCPRUEBA-Factores Socioculturales-Fumador Activo-k.3',3,'',16,2),(469,'2025-11-18 19:41:48.934032','407','survey:POCUCPRUEBA-session:1-visita:2-question:POCUCPRUEBA-Factores Socioculturales-Fumador Activo-k.2',3,'',16,2),(470,'2025-11-18 19:41:48.939485','406','survey:POCUCPRUEBA-session:1-visita:2-question:POCUCPRUEBA-Factores Socioculturales-Fumador Activo-K.1',3,'',16,2),(471,'2025-11-18 19:41:48.943572','405','survey:POCUCPRUEBA-session:1-visita:2-question:POCUCPRUEBA-Factores Socioculturales-Fumador Activo-J.4',3,'',16,2),(472,'2025-11-18 19:41:48.946845','404','survey:POCUCPRUEBA-session:1-visita:2-question:POCUCPRUEBA-Factores Socioculturales-Fumador Activo-J.3',3,'',16,2),(473,'2025-11-18 19:41:48.949601','403','survey:POCUCPRUEBA-session:1-visita:2-question:POCUCPRUEBA-Factores Socioculturales-Fumador Activo-J.2',3,'',16,2),(474,'2025-11-18 19:41:48.951171','402','survey:POCUCPRUEBA-session:1-visita:2-question:POCUCPRUEBA-Factores Socioculturales-Fumador Activo-J.1',3,'',16,2),(475,'2025-11-18 19:41:48.957817','401','survey:POCUCPRUEBA-session:1-visita:2-question:POCUCPRUEBA-Factores Socioculturales-Fumador Activo-E.3',3,'',16,2),(476,'2025-11-18 19:41:48.961666','400','survey:POCUCPRUEBA-session:1-visita:2-question:POCUCPRUEBA-Factores Socioculturales-Fumador Activo-B.5',3,'',16,2),(477,'2025-11-18 19:41:48.967588','399','survey:POCUCPRUEBA-session:1-visita:2-question:POCUCPRUEBA-Factores Socioculturales-Fumador Activo-B.4',3,'',16,2),(478,'2025-11-18 19:41:48.969702','398','survey:POCUCPRUEBA-session:1-visita:2-question:POCUCPRUEBA-Factores Socioculturales-Fumador Activo-B.3',3,'',16,2),(479,'2025-11-18 19:41:48.973042','397','survey:POCUCPRUEBA-session:1-visita:2-question:POCUCPRUEBA-Factores Socioculturales-Fumador Activo-H.4',3,'',16,2),(480,'2025-11-18 19:41:48.977723','396','survey:POCUCPRUEBA-session:1-visita:2-question:POCUCPRUEBA-Factores Socioculturales-Fumador Activo-H.3',3,'',16,2),(481,'2025-11-18 19:41:48.982941','395','survey:POCUCPRUEBA-session:1-visita:2-question:POCUCPRUEBA-Factores Socioculturales-Fumador Activo-H.2',3,'',16,2),(482,'2025-11-18 19:41:48.985211','394','survey:POCUCPRUEBA-session:1-visita:2-question:POCUCPRUEBA-Factores Socioculturales-Fumador Activo-H.1',3,'',16,2),(483,'2025-11-18 19:41:48.991909','393','survey:POCUCPRUEBA-session:1-visita:2-question:POCUCPRUEBA-Factores Socioculturales-Fumador Activo-E.2',3,'',16,2),(484,'2025-11-18 19:41:49.001209','392','survey:POCUCPRUEBA-session:1-visita:2-question:POCUCPRUEBA-Factores Socioculturales-Fumador Activo-E.1',3,'',16,2),(485,'2025-11-18 19:41:49.010199','391','survey:POCUCPRUEBA-session:1-visita:2-question:POCUCPRUEBA-Factores Socioculturales-Fumador Activo-D.4',3,'',16,2),(486,'2025-11-18 19:41:49.021638','390','survey:POCUCPRUEBA-session:1-visita:2-question:POCUCPRUEBA-Factores Socioculturales-Fumador Activo-D.3',3,'',16,2),(487,'2025-11-18 19:41:49.026852','389','survey:POCUCPRUEBA-session:1-visita:2-question:POCUCPRUEBA-Factores Socioculturales-Fumador Activo-D.2',3,'',16,2),(488,'2025-11-18 19:41:49.030477','388','survey:POCUCPRUEBA-session:1-visita:2-question:POCUCPRUEBA-Factores Socioculturales-Fumador Activo-D.1',3,'',16,2),(489,'2025-11-18 19:41:49.036534','387','survey:POCUCPRUEBA-session:1-visita:2-question:POCUCPRUEBA-Factores Socioculturales-Fumador Activo-C.3',3,'',16,2),(490,'2025-11-18 19:41:49.044365','386','survey:POCUCPRUEBA-session:1-visita:2-question:POCUCPRUEBA-Factores Socioculturales-Fumador Activo-C.2',3,'',16,2),(491,'2025-11-18 19:41:49.046140','385','survey:POCUCPRUEBA-session:1-visita:2-question:POCUCPRUEBA-Factores Socioculturales-Fumador Activo-C.1',3,'',16,2),(492,'2025-11-18 19:41:49.049064','384','survey:POCUCPRUEBA-session:1-visita:2-question:POCUCPRUEBA-Factores Socioculturales-Fumador Activo-B.1',3,'',16,2),(493,'2025-11-18 19:41:49.053047','383','survey:POCUCPRUEBA-session:1-visita:2-question:POCUCPRUEBA-Factores Socioculturales-Fumador Activo-B.2',3,'',16,2),(494,'2025-11-18 19:41:49.057032','382','survey:POCUCPRUEBA-session:1-visita:2-question:POCUCPRUEBA-Factores Socioculturales-Fumador Activo-A',3,'',16,2),(495,'2025-11-18 19:45:53.405436','4','Comment by ANDRES DAVID ORTEGA ARTEAGA-POCUCPRUEBA-session-1-visit-1 on POCUCPRUEBA-Factores Socioculturales-Fumador pasivo-S',3,'',17,2),(496,'2025-11-18 19:45:53.412538','3','Comment by ANDRES DAVID ORTEGA ARTEAGA-POCUCPRUEBA-session-1-visit-2 on POCUCPRUEBA-Factores Socioculturales-Fumador Activo-H',3,'',17,2),(497,'2025-11-18 19:45:53.418798','2','Comment by ANDRES DAVID ORTEGA ARTEAGA-POCUCPRUEBA-session-1-visit-2 on POCUCPRUEBA-Factores Socioculturales-Fumador Activo-B',3,'',17,2),(498,'2025-11-18 19:45:53.425891','1','Comment by ANDRES DAVID ORTEGA ARTEAGA-POCUCPRUEBA-session-1-visit-2 on POCUCPRUEBA-Factores Socioculturales-Fumador Activo-A',3,'',17,2),(499,'2025-11-18 19:46:08.857679','465','survey:POCUCPRUEBA-session:1-visita:2-question:POCUCPRUEBA-Factores Socioculturales-Fumador pasivo-S.4',3,'',16,2),(500,'2025-11-18 19:46:08.861647','464','survey:POCUCPRUEBA-session:1-visita:2-question:POCUCPRUEBA-Factores Socioculturales-Fumador pasivo-S.3',3,'',16,2),(501,'2025-11-18 19:46:08.865742','463','survey:POCUCPRUEBA-session:1-visita:2-question:POCUCPRUEBA-Factores Socioculturales-Fumador pasivo-S.2',3,'',16,2),(502,'2025-11-18 19:46:08.872350','462','survey:POCUCPRUEBA-session:1-visita:2-question:POCUCPRUEBA-Factores Socioculturales-Fumador pasivo-S.1',3,'',16,2),(503,'2025-11-18 19:46:08.877281','461','survey:POCUCPRUEBA-session:1-visita:2-question:POCUCPRUEBA-Factores Socioculturales-Fumador pasivo-R.4',3,'',16,2),(504,'2025-11-18 19:46:08.880916','460','survey:POCUCPRUEBA-session:1-visita:2-question:POCUCPRUEBA-Factores Socioculturales-Fumador pasivo-R.3',3,'',16,2),(505,'2025-11-18 19:46:08.886680','459','survey:POCUCPRUEBA-session:1-visita:2-question:POCUCPRUEBA-Factores Socioculturales-Fumador pasivo-R.2',3,'',16,2),(506,'2025-11-18 19:46:08.891649','458','survey:POCUCPRUEBA-session:1-visita:2-question:POCUCPRUEBA-Factores Socioculturales-Fumador pasivo-R.1',3,'',16,2),(507,'2025-11-18 19:46:08.895157','457','survey:POCUCPRUEBA-session:1-visita:2-question:POCUCPRUEBA-Factores Socioculturales-Fumador pasivo-P',3,'',16,2),(508,'2025-11-18 19:46:08.899524','456','survey:POCUCPRUEBA-session:1-visita:2-question:POCUCPRUEBA-Factores Socioculturales-Fumador pasivo-O',3,'',16,2),(509,'2025-11-18 19:46:08.905302','455','survey:POCUCPRUEBA-session:1-visita:2-question:POCUCPRUEBA-Factores Socioculturales-Fumador Activo-L.4',3,'',16,2),(510,'2025-11-18 19:46:08.908136','454','survey:POCUCPRUEBA-session:1-visita:2-question:POCUCPRUEBA-Factores Socioculturales-Fumador Activo-L.3',3,'',16,2),(511,'2025-11-18 19:46:08.911029','453','survey:POCUCPRUEBA-session:1-visita:2-question:POCUCPRUEBA-Factores Socioculturales-Fumador Activo-L.2',3,'',16,2),(512,'2025-11-18 19:46:08.916867','452','survey:POCUCPRUEBA-session:1-visita:2-question:POCUCPRUEBA-Factores Socioculturales-Fumador Activo-L.1',3,'',16,2),(513,'2025-11-18 19:46:08.920451','451','survey:POCUCPRUEBA-session:1-visita:2-question:POCUCPRUEBA-Factores Socioculturales-Fumador Activo-k.4',3,'',16,2),(514,'2025-11-18 19:46:08.924539','450','survey:POCUCPRUEBA-session:1-visita:2-question:POCUCPRUEBA-Factores Socioculturales-Fumador Activo-k.3',3,'',16,2),(515,'2025-11-18 19:46:08.928650','449','survey:POCUCPRUEBA-session:1-visita:2-question:POCUCPRUEBA-Factores Socioculturales-Fumador Activo-k.2',3,'',16,2),(516,'2025-11-18 19:46:08.934778','448','survey:POCUCPRUEBA-session:1-visita:2-question:POCUCPRUEBA-Factores Socioculturales-Fumador Activo-K.1',3,'',16,2),(517,'2025-11-18 19:46:08.938635','447','survey:POCUCPRUEBA-session:1-visita:2-question:POCUCPRUEBA-Factores Socioculturales-Fumador Activo-J.4',3,'',16,2),(518,'2025-11-18 19:46:08.942777','446','survey:POCUCPRUEBA-session:1-visita:2-question:POCUCPRUEBA-Factores Socioculturales-Fumador Activo-J.3',3,'',16,2),(519,'2025-11-18 19:46:08.948626','445','survey:POCUCPRUEBA-session:1-visita:2-question:POCUCPRUEBA-Factores Socioculturales-Fumador Activo-J.2',3,'',16,2),(520,'2025-11-18 19:46:08.951003','444','survey:POCUCPRUEBA-session:1-visita:2-question:POCUCPRUEBA-Factores Socioculturales-Fumador Activo-J.1',3,'',16,2),(521,'2025-11-18 19:46:08.956224','443','survey:POCUCPRUEBA-session:1-visita:2-question:POCUCPRUEBA-Factores Socioculturales-Fumador Activo-E.3',3,'',16,2),(522,'2025-11-18 19:46:08.958841','442','survey:POCUCPRUEBA-session:1-visita:2-question:POCUCPRUEBA-Factores Socioculturales-Fumador Activo-B.5',3,'',16,2),(523,'2025-11-18 19:46:08.963548','441','survey:POCUCPRUEBA-session:1-visita:2-question:POCUCPRUEBA-Factores Socioculturales-Fumador Activo-B.4',3,'',16,2),(524,'2025-11-18 19:46:08.968947','440','survey:POCUCPRUEBA-session:1-visita:2-question:POCUCPRUEBA-Factores Socioculturales-Fumador Activo-B.3',3,'',16,2),(525,'2025-11-18 19:46:08.975529','439','survey:POCUCPRUEBA-session:1-visita:2-question:POCUCPRUEBA-Factores Socioculturales-Fumador Activo-H.4',3,'',16,2),(526,'2025-11-18 19:46:08.979907','438','survey:POCUCPRUEBA-session:1-visita:2-question:POCUCPRUEBA-Factores Socioculturales-Fumador Activo-H.3',3,'',16,2),(527,'2025-11-18 19:46:08.982574','437','survey:POCUCPRUEBA-session:1-visita:2-question:POCUCPRUEBA-Factores Socioculturales-Fumador Activo-H.2',3,'',16,2),(528,'2025-11-18 19:46:08.987682','436','survey:POCUCPRUEBA-session:1-visita:2-question:POCUCPRUEBA-Factores Socioculturales-Fumador Activo-H.1',3,'',16,2),(529,'2025-11-18 19:46:08.992942','435','survey:POCUCPRUEBA-session:1-visita:2-question:POCUCPRUEBA-Factores Socioculturales-Fumador Activo-E.2',3,'',16,2),(530,'2025-11-18 19:46:08.998075','434','survey:POCUCPRUEBA-session:1-visita:2-question:POCUCPRUEBA-Factores Socioculturales-Fumador Activo-E.1',3,'',16,2),(531,'2025-11-18 19:46:09.000570','433','survey:POCUCPRUEBA-session:1-visita:2-question:POCUCPRUEBA-Factores Socioculturales-Fumador Activo-D.4',3,'',16,2),(532,'2025-11-18 19:46:09.007613','432','survey:POCUCPRUEBA-session:1-visita:2-question:POCUCPRUEBA-Factores Socioculturales-Fumador Activo-D.3',3,'',16,2),(533,'2025-11-18 19:46:09.012552','431','survey:POCUCPRUEBA-session:1-visita:2-question:POCUCPRUEBA-Factores Socioculturales-Fumador Activo-D.2',3,'',16,2),(534,'2025-11-18 19:46:09.017625','430','survey:POCUCPRUEBA-session:1-visita:2-question:POCUCPRUEBA-Factores Socioculturales-Fumador Activo-D.1',3,'',16,2),(535,'2025-11-18 19:46:09.021461','429','survey:POCUCPRUEBA-session:1-visita:2-question:POCUCPRUEBA-Factores Socioculturales-Fumador Activo-C.3',3,'',16,2),(536,'2025-11-18 19:46:09.028928','428','survey:POCUCPRUEBA-session:1-visita:2-question:POCUCPRUEBA-Factores Socioculturales-Fumador Activo-C.2',3,'',16,2),(537,'2025-11-18 19:46:09.038649','427','survey:POCUCPRUEBA-session:1-visita:2-question:POCUCPRUEBA-Factores Socioculturales-Fumador Activo-C.1',3,'',16,2),(538,'2025-11-18 19:46:09.043612','426','survey:POCUCPRUEBA-session:1-visita:2-question:POCUCPRUEBA-Factores Socioculturales-Fumador Activo-B.1',3,'',16,2),(539,'2025-11-18 19:46:09.052513','425','survey:POCUCPRUEBA-session:1-visita:2-question:POCUCPRUEBA-Factores Socioculturales-Fumador Activo-B.2',3,'',16,2),(540,'2025-11-18 19:46:09.055175','424','survey:POCUCPRUEBA-session:1-visita:2-question:POCUCPRUEBA-Factores Socioculturales-Fumador Activo-A',3,'',16,2),(541,'2025-11-18 20:22:05.009321','1','andmin',3,'',4,3),(542,'2025-11-18 20:33:25.928959','97','POCUCPRUEBA-Factores Socioculturales-Fumador pasivo-T',1,'[{\"added\": {}}]',14,3),(543,'2025-11-18 20:35:24.822287','98','POCUCPRUEBA-Factores Socioculturales-Fumador pasivo-U',1,'[{\"added\": {}}]',14,3),(544,'2025-11-18 20:45:13.459438','2','Factores socio económicos',1,'[{\"added\": {}}]',12,3),(545,'2025-11-18 20:46:32.108602','3','Mercadeo y Ventas',1,'[{\"added\": {}}]',13,3),(546,'2025-11-18 20:47:14.451740','8','Cafeteria',1,'[{\"added\": {}}]',15,3),(547,'2025-11-18 20:47:24.838269','8','Cafetería',2,'[{\"changed\": {\"fields\": [\"Description\"]}}]',15,3),(548,'2025-11-18 20:47:42.257867','9','Expendios de dulces',1,'[{\"added\": {}}]',15,3),(549,'2025-11-18 20:47:58.742288','10','Expendio de alimentos',1,'[{\"added\": {}}]',15,3),(550,'2025-11-18 20:49:32.301557','99','POCUCPRUEBA-Factores socio económicos-Mercadeo y Ventas-A',1,'[{\"added\": {}}]',14,3),(551,'2025-11-18 20:53:24.743589','99','POCUCPRUEBA-Factores socio económicos-Mercadeo y Ventas-A',2,'[{\"changed\": {\"fields\": [\"Description\"]}}]',14,3),(552,'2025-11-18 20:55:05.578507','100','POCUCPRUEBA-Factores socio económicos-Mercadeo y Ventas-A.1',1,'[{\"added\": {}}]',14,3),(553,'2025-11-18 20:56:12.596125','101','POCUCPRUEBA-Factores socio económicos-Mercadeo y Ventas-A.2',1,'[{\"added\": {}}]',14,3),(554,'2025-11-18 20:57:37.511446','102','POCUCPRUEBA-Factores socio económicos-Mercadeo y Ventas-A.3',1,'[{\"added\": {}}]',14,3),(555,'2025-11-18 21:12:52.149543','103','POCUCPRUEBA-Factores socio económicos-Mercadeo y Ventas-B',1,'[{\"added\": {}}]',14,3),(556,'2025-11-18 21:18:11.990750','103','POCUCPRUEBA-Factores socio económicos-Mercadeo y Ventas-B',2,'[]',14,3),(557,'2025-11-18 21:19:59.123010','104','POCUCPRUEBA-Factores socio económicos-Mercadeo y Ventas-B.1',1,'[{\"added\": {}}]',14,3),(558,'2025-11-18 21:20:58.756506','105','POCUCPRUEBA-Factores socio económicos-Mercadeo y Ventas-B.2',1,'[{\"added\": {}}]',14,3),(559,'2025-11-18 21:21:23.906678','104','POCUCPRUEBA-Factores socio económicos-Mercadeo y Ventas-B.1',2,'[{\"changed\": {\"fields\": [\"Description\"]}}]',14,3),(560,'2025-11-18 21:23:21.980775','106','POCUCPRUEBA-Factores socio económicos-Mercadeo y Ventas-B.3',1,'[{\"added\": {}}]',14,3),(561,'2025-11-18 21:25:29.667675','103','POCUCPRUEBA-Factores socio económicos-Mercadeo y Ventas-B',2,'[{\"changed\": {\"fields\": [\"Description\"]}}]',14,3),(562,'2025-11-18 21:27:25.570694','107','POCUCPRUEBA-Factores socio económicos-Mercadeo y Ventas-C',1,'[{\"added\": {}}]',14,3),(563,'2025-11-18 21:28:32.320170','108','POCUCPRUEBA-Factores socio económicos-Mercadeo y Ventas-C.1',1,'[{\"added\": {}}]',14,3),(564,'2025-11-18 21:30:10.068592','109','POCUCPRUEBA-Factores socio económicos-Mercadeo y Ventas-C.2',1,'[{\"added\": {}}]',14,3),(565,'2025-11-18 21:31:03.204584','110','POCUCPRUEBA-Factores socio económicos-Mercadeo y Ventas-C.3',1,'[{\"added\": {}}]',14,3),(566,'2025-11-18 21:40:23.462188','111','POCUCPRUEBA-Factores socio económicos-Mercadeo y Ventas-D',1,'[{\"added\": {}}]',14,3),(567,'2025-11-18 21:41:28.611593','112','POCUCPRUEBA-Factores socio económicos-Mercadeo y Ventas-D.1',1,'[{\"added\": {}}]',14,3),(568,'2025-11-18 21:42:07.017494','113','POCUCPRUEBA-Factores socio económicos-Mercadeo y Ventas-D.2',1,'[{\"added\": {}}]',14,3),(569,'2025-11-18 21:43:03.727587','114','POCUCPRUEBA-Factores socio económicos-Mercadeo y Ventas-D.3',1,'[{\"added\": {}}]',14,3),(570,'2025-11-18 21:43:07.375747','115','POCUCPRUEBA-Factores socio económicos-Mercadeo y Ventas-D.3',1,'[{\"added\": {}}]',14,3),(571,'2025-11-18 21:44:25.525229','115','POCUCPRUEBA-Factores socio económicos-Mercadeo y Ventas-D.3',3,'',14,3),(572,'2025-11-18 21:46:11.726754','4','Publicidad',1,'[{\"added\": {}}]',13,3),(573,'2025-11-18 21:47:48.796115','116','POCUCPRUEBA-Factores socio económicos-Publicidad-E',1,'[{\"added\": {}}]',14,3),(574,'2025-11-18 21:48:38.367555','117','POCUCPRUEBA-Factores socio económicos-Publicidad-A.1',1,'[{\"added\": {}}]',14,3),(575,'2025-11-18 21:49:23.344207','118','POCUCPRUEBA-Factores socio económicos-Publicidad-A.2',1,'[{\"added\": {}}]',14,3),(576,'2025-11-18 21:50:14.168481','119','POCUCPRUEBA-Factores socio económicos-Publicidad-E.2',1,'[{\"added\": {}}]',14,3),(577,'2025-11-18 21:50:57.358843','117','POCUCPRUEBA-Factores socio económicos-Publicidad-E.1',2,'[{\"changed\": {\"fields\": [\"Code\"]}}]',14,3),(578,'2025-11-18 21:52:18.088881','120','POCUCPRUEBA-Factores socio económicos-Publicidad-E.3',1,'[{\"added\": {}}]',14,3),(579,'2025-11-18 22:01:45.285188','121','POCUCPRUEBA-Factores socio económicos-Publicidad-B',1,'[{\"added\": {}}]',14,3),(580,'2025-11-18 22:05:00.660775','121','POCUCPRUEBA-Factores socio económicos-Publicidad-F',2,'[{\"changed\": {\"fields\": [\"Code\"]}}]',14,3),(581,'2025-11-18 22:06:18.374802','122','POCUCPRUEBA-Factores socio económicos-Publicidad-F.1',1,'[{\"added\": {}}]',14,3),(582,'2025-11-18 22:07:14.302193','123','POCUCPRUEBA-Factores socio económicos-Publicidad-F.2',1,'[{\"added\": {}}]',14,3),(583,'2025-11-18 22:07:54.279371','124','POCUCPRUEBA-Factores socio económicos-Publicidad-F.3',1,'[{\"added\": {}}]',14,3),(584,'2025-11-18 22:08:50.057881','125','POCUCPRUEBA-Factores socio económicos-Publicidad-F.4',1,'[{\"added\": {}}]',14,3),(585,'2025-11-20 19:40:27.620513','126','POCUCPRUEBA-Factores socio económicos-Publicidad-G',1,'[{\"added\": {}}]',14,3),(586,'2025-11-20 19:42:19.549470','127','POCUCPRUEBA-Factores socio económicos-Publicidad-G.1',1,'[{\"added\": {}}]',14,3),(587,'2025-11-20 19:43:23.363773','128','POCUCPRUEBA-Factores socio económicos-Publicidad-G.2',1,'[{\"added\": {}}]',14,3),(588,'2025-11-20 19:43:24.736493','129','POCUCPRUEBA-Factores socio económicos-Publicidad-G.2',1,'[{\"added\": {}}]',14,3),(589,'2025-11-20 19:43:39.237578','127','POCUCPRUEBA-Factores socio económicos-Publicidad-G.1',2,'[{\"changed\": {\"fields\": [\"Description\"]}}]',14,3),(590,'2025-11-20 19:44:13.367609','128','POCUCPRUEBA-Factores socio económicos-Publicidad-G.2',3,'',14,3),(591,'2025-11-20 19:46:01.636411','130','POCUCPRUEBA-Factores socio económicos-Publicidad-H',1,'[{\"added\": {}}]',14,3),(592,'2025-11-20 19:46:49.864870','131','POCUCPRUEBA-Factores socio económicos-Publicidad-H.1',1,'[{\"added\": {}}]',14,3),(593,'2025-11-20 19:48:00.904120','132','POCUCPRUEBA-Factores socio económicos-Publicidad-H.2',1,'[{\"added\": {}}]',14,3),(594,'2025-11-20 19:48:43.619634','133','POCUCPRUEBA-Factores socio económicos-Publicidad-H.3',1,'[{\"added\": {}}]',14,3),(595,'2025-11-20 19:55:50.033582','131','POCUCPRUEBA-Factores socio económicos-Publicidad-H.1',3,'',14,3),(596,'2025-11-20 19:55:50.035989','127','POCUCPRUEBA-Factores socio económicos-Publicidad-G.1',3,'',14,3),(597,'2025-11-20 19:55:50.037079','132','POCUCPRUEBA-Factores socio económicos-Publicidad-H.2',3,'',14,3),(598,'2025-11-20 19:55:50.038415','129','POCUCPRUEBA-Factores socio económicos-Publicidad-G.2',3,'',14,3),(599,'2025-11-20 19:55:50.039452','133','POCUCPRUEBA-Factores socio económicos-Publicidad-H.3',3,'',14,3),(600,'2025-11-20 19:55:50.040695','126','POCUCPRUEBA-Factores socio económicos-Publicidad-G',3,'',14,3),(601,'2025-11-20 19:55:50.041800','130','POCUCPRUEBA-Factores socio económicos-Publicidad-H',3,'',14,3),(602,'2025-11-20 19:57:14.047180','134','POCUCPRUEBA-Factores socio económicos-Publicidad-G',1,'[{\"added\": {}}]',14,3),(603,'2025-11-20 19:58:04.944361','135','POCUCPRUEBA-Factores socio económicos-Publicidad-G.1',1,'[{\"added\": {}}]',14,3),(604,'2025-11-20 19:58:42.079621','136','POCUCPRUEBA-Factores socio económicos-Publicidad-G.2',1,'[{\"added\": {}}]',14,3),(605,'2025-11-20 19:59:41.639670','137','POCUCPRUEBA-Factores socio económicos-Publicidad-G.3',1,'[{\"added\": {}}]',14,3),(606,'2025-11-20 20:00:24.926176','138','POCUCPRUEBA-Factores socio económicos-Publicidad-G.4',1,'[{\"added\": {}}]',14,3),(607,'2025-11-20 20:01:39.681327','139','POCUCPRUEBA-Factores socio económicos-Publicidad-G.5',1,'[{\"added\": {}}]',14,3),(608,'2025-11-20 20:02:27.742844','140','POCUCPRUEBA-Factores socio económicos-Publicidad-G.6',1,'[{\"added\": {}}]',14,3),(609,'2025-11-20 20:06:23.112939','141','POCUCPRUEBA-Factores socio económicos-Publicidad-H',1,'[{\"added\": {}}]',14,3),(610,'2025-11-20 20:08:57.697416','142','POCUCPRUEBA-Factores socio económicos-Publicidad-I',1,'[{\"added\": {}}]',14,3),(611,'2025-11-20 20:09:34.146865','143','POCUCPRUEBA-Factores socio económicos-Publicidad-I.1',1,'[{\"added\": {}}]',14,3),(612,'2025-11-20 20:10:22.434862','144','POCUCPRUEBA-Factores socio económicos-Publicidad-I.2',1,'[{\"added\": {}}]',14,3),(613,'2025-11-20 20:11:09.218251','145','POCUCPRUEBA-Factores socio económicos-Publicidad-I.3',1,'[{\"added\": {}}]',14,3),(614,'2025-11-20 20:12:20.751469','142','POCUCPRUEBA-Factores socio económicos-Publicidad-I',2,'[{\"changed\": {\"fields\": [\"Options\"]}}]',14,3),(615,'2025-11-20 20:19:27.236489','143','POCUCPRUEBA-Factores socio económicos-Publicidad-I.1',2,'[{\"changed\": {\"fields\": [\"Description\"]}}]',14,3),(616,'2025-11-20 20:20:05.556915','144','POCUCPRUEBA-Factores socio económicos-Publicidad-I.2',2,'[{\"changed\": {\"fields\": [\"Description\"]}}]',14,3),(617,'2025-11-20 20:20:48.960000','145','POCUCPRUEBA-Factores socio económicos-Publicidad-I.3',2,'[{\"changed\": {\"fields\": [\"Description\"]}}]',14,3),(618,'2025-11-20 20:21:45.044716','145','POCUCPRUEBA-Factores socio económicos-Publicidad-I.3',2,'[{\"changed\": {\"fields\": [\"Is required\"]}}]',14,3),(619,'2025-11-20 20:24:40.689151','146','POCUCPRUEBA-Factores socio económicos-Publicidad-J',1,'[{\"added\": {}}]',14,3),(620,'2025-11-20 20:27:30.786779','3','Ambientes abiertos y cerrados',1,'[{\"added\": {}}]',12,3),(621,'2025-11-20 20:38:33.731036','5','Fumadores activos en Espacios abiertos',1,'[{\"added\": {}}]',13,3),(622,'2025-11-20 20:41:17.033542','147','POCUCPRUEBA-Ambientes abiertos y cerrados-Fumadores activos en Espacios abiertos-A',1,'[{\"added\": {}}]',14,3),(623,'2025-11-20 20:42:48.437649','148','POCUCPRUEBA-Ambientes abiertos y cerrados-Fumadores activos en Espacios abiertos-A.1',1,'[{\"added\": {}}]',14,3),(624,'2025-11-20 20:43:30.685330','149','POCUCPRUEBA-Ambientes abiertos y cerrados-Fumadores activos en Espacios abiertos-A.2',1,'[{\"added\": {}}]',14,3),(625,'2025-11-20 20:44:42.381933','150','POCUCPRUEBA-Ambientes abiertos y cerrados-Fumadores activos en Espacios abiertos-A.2',1,'[{\"added\": {}}]',14,3),(626,'2025-11-20 20:45:23.467179','151','POCUCPRUEBA-Ambientes abiertos y cerrados-Fumadores activos en Espacios abiertos-A.3',1,'[{\"added\": {}}]',14,3),(627,'2025-11-20 20:46:27.595540','152','POCUCPRUEBA-Ambientes abiertos y cerrados-Fumadores activos en Espacios abiertos-A.4',1,'[{\"added\": {}}]',14,3),(628,'2025-11-20 20:47:15.761480','153','POCUCPRUEBA-Ambientes abiertos y cerrados-Fumadores activos en Espacios abiertos-A.5',1,'[{\"added\": {}}]',14,3),(629,'2025-11-20 20:50:36.922782','11','1m-2m',1,'[{\"added\": {}}]',15,3),(630,'2025-11-20 20:50:44.201658','12','2m-3m',1,'[{\"added\": {}}]',15,3),(631,'2025-11-20 20:51:14.874057','13','3m-4m',1,'[{\"added\": {}}]',15,3),(632,'2025-11-20 20:51:37.165067','13','Entre 3m-4m',2,'[{\"changed\": {\"fields\": [\"Description\"]}}]',15,3),(633,'2025-11-20 20:51:43.769818','12','Entre 2m-3m',2,'[{\"changed\": {\"fields\": [\"Description\"]}}]',15,3),(634,'2025-11-20 20:51:52.044582','11','Entre 1m-2m',2,'[{\"changed\": {\"fields\": [\"Description\"]}}]',15,3),(635,'2025-11-20 20:52:16.375489','14','Entre 4m-5m',1,'[{\"added\": {}}]',15,3),(636,'2025-11-20 20:52:37.228510','15','Entre 5m-6m',1,'[{\"added\": {}}]',15,3),(637,'2025-11-20 20:54:13.098229','16','mas de 6m',1,'[{\"added\": {}}]',15,3),(638,'2025-11-20 20:54:28.891052','16','Mas de 6m',2,'[{\"changed\": {\"fields\": [\"Description\"]}}]',15,3),(639,'2025-11-20 20:55:48.034766','154','POCUCPRUEBA-Ambientes abiertos y cerrados-Fumadores activos en Espacios abiertos-B',1,'[{\"added\": {}}]',14,3),(640,'2025-11-20 21:00:22.177480','155','POCUCPRUEBA-Ambientes abiertos y cerrados-Fumadores activos en Espacios abiertos-C',1,'[{\"added\": {}}]',14,3),(641,'2025-11-20 21:07:06.246575','156','POCUCPRUEBA-Ambientes abiertos y cerrados-Fumadores activos en Espacios abiertos-C.1',1,'[{\"added\": {}}]',14,3),(642,'2025-11-20 21:07:40.457616','157','POCUCPRUEBA-Ambientes abiertos y cerrados-Fumadores activos en Espacios abiertos-C.2',1,'[{\"added\": {}}]',14,3),(643,'2025-11-20 21:08:36.653526','158','POCUCPRUEBA-Ambientes abiertos y cerrados-Fumadores activos en Espacios abiertos-C.3',1,'[{\"added\": {}}]',14,3),(644,'2025-11-20 21:09:43.297134','159','POCUCPRUEBA-Ambientes abiertos y cerrados-Fumadores activos en Espacios abiertos-C.4',1,'[{\"added\": {}}]',14,3),(645,'2025-11-20 21:11:05.115617','160','POCUCPRUEBA-Ambientes abiertos y cerrados-Fumadores activos en Espacios abiertos-C.5',1,'[{\"added\": {}}]',14,3),(646,'2025-11-20 21:14:32.268115','161','POCUCPRUEBA-Ambientes abiertos y cerrados-Fumadores activos en Espacios abiertos-D',1,'[{\"added\": {}}]',14,3),(647,'2025-11-20 21:15:35.760486','162','POCUCPRUEBA-Ambientes abiertos y cerrados-Fumadores activos en Espacios abiertos-D.1',1,'[{\"added\": {}}]',14,3),(648,'2025-11-20 21:16:50.550479','163','POCUCPRUEBA-Ambientes abiertos y cerrados-Fumadores activos en Espacios abiertos-D.2',1,'[{\"added\": {}}]',14,3),(649,'2025-11-20 21:17:37.428162','164','POCUCPRUEBA-Ambientes abiertos y cerrados-Fumadores activos en Espacios abiertos-D.3',1,'[{\"added\": {}}]',14,3),(650,'2025-11-20 21:18:28.608780','165','POCUCPRUEBA-Ambientes abiertos y cerrados-Fumadores activos en Espacios abiertos-D.4',1,'[{\"added\": {}}]',14,3),(651,'2025-11-20 21:19:21.916545','166','POCUCPRUEBA-Ambientes abiertos y cerrados-Fumadores activos en Espacios abiertos-D.5',1,'[{\"added\": {}}]',14,3),(652,'2025-11-20 21:23:10.772770','167','POCUCPRUEBA-Ambientes abiertos y cerrados-Fumadores activos en Espacios abiertos-E',1,'[{\"added\": {}}]',14,3),(653,'2025-11-20 21:26:12.254881','168','POCUCPRUEBA-Ambientes abiertos y cerrados-Fumadores activos en Espacios abiertos-F',1,'[{\"added\": {}}]',14,3),(654,'2025-11-20 21:27:44.747134','169','POCUCPRUEBA-Ambientes abiertos y cerrados-Fumadores activos en Espacios abiertos-F',1,'[{\"added\": {}}]',14,3),(655,'2025-11-20 23:14:28.799755','170','POCUCPRUEBA-Ambientes abiertos y cerrados-Fumadores activos en Espacios abiertos-F.1',1,'[{\"added\": {}}]',14,3),(656,'2025-11-20 23:16:13.851281','170','POCUCPRUEBA-Ambientes abiertos y cerrados-Fumadores activos en Espacios abiertos-F.1',2,'[{\"changed\": {\"fields\": [\"Options\"]}}]',14,3),(657,'2025-11-20 23:17:03.304756','171','POCUCPRUEBA-Ambientes abiertos y cerrados-Fumadores activos en Espacios abiertos-F.2',1,'[{\"added\": {}}]',14,3),(658,'2025-11-20 23:17:16.504528','170','POCUCPRUEBA-Ambientes abiertos y cerrados-Fumadores activos en Espacios abiertos-F.1',2,'[{\"changed\": {\"fields\": [\"Question type\"]}}]',14,3),(659,'2025-11-20 23:18:00.816391','172','POCUCPRUEBA-Ambientes abiertos y cerrados-Fumadores activos en Espacios abiertos-F.3',1,'[{\"added\": {}}]',14,3),(660,'2025-11-20 23:19:39.713879','173','POCUCPRUEBA-Ambientes abiertos y cerrados-Fumadores activos en Espacios abiertos-F.4',1,'[{\"added\": {}}]',14,3),(661,'2025-11-20 23:21:43.838456','174','POCUCPRUEBA-Ambientes abiertos y cerrados-Fumadores activos en Espacios abiertos-G',1,'[{\"added\": {}}]',14,3),(662,'2025-11-20 23:25:12.388354','170','POCUCPRUEBA-Ambientes abiertos y cerrados-Fumadores activos en Espacios abiertos-F.1',2,'[{\"changed\": {\"fields\": [\"Parent question\"]}}]',14,3),(663,'2025-11-20 23:25:31.979178','171','POCUCPRUEBA-Ambientes abiertos y cerrados-Fumadores activos en Espacios abiertos-F.2',2,'[{\"changed\": {\"fields\": [\"Parent question\"]}}]',14,3),(664,'2025-11-20 23:25:44.196157','172','POCUCPRUEBA-Ambientes abiertos y cerrados-Fumadores activos en Espacios abiertos-F.3',2,'[{\"changed\": {\"fields\": [\"Parent question\"]}}]',14,3),(665,'2025-11-20 23:26:05.490376','173','POCUCPRUEBA-Ambientes abiertos y cerrados-Fumadores activos en Espacios abiertos-F.4',2,'[{\"changed\": {\"fields\": [\"Parent question\"]}}]',14,3),(666,'2025-11-20 23:26:45.736096','168','POCUCPRUEBA-Ambientes abiertos y cerrados-Fumadores activos en Espacios abiertos-F',3,'',14,3),(667,'2025-11-20 23:27:36.678827','175','POCUCPRUEBA-Ambientes abiertos y cerrados-Fumadores activos en Espacios abiertos-G.1',1,'[{\"added\": {}}]',14,3),(668,'2025-11-20 23:28:28.812856','176','POCUCPRUEBA-Ambientes abiertos y cerrados-Fumadores activos en Espacios abiertos-G.2',1,'[{\"added\": {}}]',14,3),(669,'2025-11-20 23:29:34.745015','174','POCUCPRUEBA-Ambientes abiertos y cerrados-Fumadores activos en Espacios abiertos-G',2,'[{\"changed\": {\"fields\": [\"Options\"]}}]',14,3),(670,'2025-11-20 23:32:00.720465','17','Pequeño (1cm-50cm)',1,'[{\"added\": {}}]',15,3),(671,'2025-11-20 23:32:21.221068','18','Mediano (50cm-1m)',1,'[{\"added\": {}}]',15,3),(672,'2025-11-20 23:32:38.796193','19','Grande (mas de 1m)',1,'[{\"added\": {}}]',15,3),(673,'2025-11-20 23:34:33.428330','177','POCUCPRUEBA-Ambientes abiertos y cerrados-Fumadores activos en Espacios abiertos-H',1,'[{\"added\": {}}]',14,3),(674,'2025-11-20 23:36:17.200136','178','POCUCPRUEBA-Ambientes abiertos y cerrados-Fumadores activos en Espacios abiertos-I',1,'[{\"added\": {}}]',14,3),(675,'2025-11-20 23:38:40.184343','6','Fumadores activos en espacios cerrados',1,'[{\"added\": {}}]',13,3),(676,'2025-11-20 23:40:07.825485','179','POCUCPRUEBA-Ambientes abiertos y cerrados-Fumadores activos en espacios cerrados-J',1,'[{\"added\": {}}]',14,3),(677,'2025-11-20 23:41:51.936018','180','POCUCPRUEBA-Ambientes abiertos y cerrados-Fumadores activos en espacios cerrados-J.1',1,'[{\"added\": {}}]',14,3),(678,'2025-11-20 23:42:35.032297','181','POCUCPRUEBA-Ambientes abiertos y cerrados-Fumadores activos en espacios cerrados-J.2',1,'[{\"added\": {}}]',14,3),(679,'2025-11-20 23:43:12.144783','182','POCUCPRUEBA-Ambientes abiertos y cerrados-Fumadores activos en espacios cerrados-J.3',1,'[{\"added\": {}}]',14,3),(680,'2025-11-20 23:43:43.902666','183','POCUCPRUEBA-Ambientes abiertos y cerrados-Fumadores activos en espacios cerrados-J.4',1,'[{\"added\": {}}]',14,3),(681,'2025-11-20 23:44:19.339995','184','POCUCPRUEBA-Ambientes abiertos y cerrados-Fumadores activos en espacios cerrados-J.5',1,'[{\"added\": {}}]',14,3),(682,'2025-11-20 23:46:27.815710','185','POCUCPRUEBA-Ambientes abiertos y cerrados-Fumadores activos en espacios cerrados-K',1,'[{\"added\": {}}]',14,3),(683,'2025-11-20 23:50:41.044398','185','POCUCPRUEBA-Ambientes abiertos y cerrados-Fumadores activos en espacios cerrados-K',2,'[{\"changed\": {\"fields\": [\"Description\"]}}]',14,3),(684,'2025-11-20 23:52:03.173663','3','Ambientes abiertos',2,'[{\"changed\": {\"fields\": [\"Name\"]}}]',12,3),(685,'2025-11-20 23:52:51.264927','4','Ambientes cerrados',1,'[{\"added\": {}}]',12,3),(686,'2025-11-20 23:55:43.600783','154','POCUCPRUEBA-Ambientes abiertos-Fumadores activos en Espacios abiertos-B',2,'[{\"changed\": {\"fields\": [\"Position\"]}}]',14,3),(687,'2025-11-20 23:55:50.004261','147','POCUCPRUEBA-Ambientes abiertos-Fumadores activos en Espacios abiertos-A',2,'[]',14,3),(688,'2025-11-20 23:58:47.978596','6','Fumadores activos en espacios cerrados',2,'[{\"changed\": {\"fields\": [\"Category\"]}}]',13,3),(689,'2025-11-21 00:01:41.291771','179','POCUCPRUEBA-Ambientes cerrados-Fumadores activos en espacios cerrados-A',2,'[{\"changed\": {\"fields\": [\"Code\"]}}]',14,3),(690,'2025-11-21 00:02:01.838979','180','POCUCPRUEBA-Ambientes cerrados-Fumadores activos en espacios cerrados-A.1',2,'[{\"changed\": {\"fields\": [\"Code\"]}}]',14,3),(691,'2025-11-21 00:02:18.551830','181','POCUCPRUEBA-Ambientes cerrados-Fumadores activos en espacios cerrados-A.2',2,'[{\"changed\": {\"fields\": [\"Code\"]}}]',14,3),(692,'2025-11-21 00:02:31.002026','182','POCUCPRUEBA-Ambientes cerrados-Fumadores activos en espacios cerrados-A.3',2,'[{\"changed\": {\"fields\": [\"Code\"]}}]',14,3),(693,'2025-11-21 00:03:07.063680','183','POCUCPRUEBA-Ambientes cerrados-Fumadores activos en espacios cerrados-A.4',2,'[{\"changed\": {\"fields\": [\"Code\"]}}]',14,3),(694,'2025-11-21 00:03:49.548655','184','POCUCPRUEBA-Ambientes cerrados-Fumadores activos en espacios cerrados-A.5',2,'[{\"changed\": {\"fields\": [\"Code\"]}}]',14,3),(695,'2025-11-21 00:04:32.037055','185','POCUCPRUEBA-Ambientes cerrados-Fumadores activos en espacios cerrados-B',2,'[{\"changed\": {\"fields\": [\"Code\"]}}]',14,3),(696,'2025-11-21 00:05:46.952661','186','POCUCPRUEBA-Ambientes cerrados-Fumadores activos en espacios cerrados-C',1,'[{\"added\": {}}]',14,3),(697,'2025-11-21 00:06:50.145151','187','POCUCPRUEBA-Ambientes cerrados-Fumadores activos en espacios cerrados-D',1,'[{\"added\": {}}]',14,3),(698,'2025-11-21 00:07:09.736357','186','POCUCPRUEBA-Ambientes cerrados-Fumadores activos en espacios cerrados-C',2,'[{\"changed\": {\"fields\": [\"Position\"]}}]',14,3),(699,'2025-11-21 00:08:17.838478','185','POCUCPRUEBA-Ambientes cerrados-Fumadores activos en espacios cerrados-B',2,'[{\"changed\": {\"fields\": [\"Position\"]}}]',14,3),(700,'2025-11-21 00:08:43.565499','179','POCUCPRUEBA-Ambientes cerrados-Fumadores activos en espacios cerrados-A',2,'[{\"changed\": {\"fields\": [\"Position\"]}}]',14,3),(701,'2025-11-21 00:09:43.074439','188','POCUCPRUEBA-Ambientes cerrados-Fumadores activos en espacios cerrados-D.1',1,'[{\"added\": {}}]',14,3),(702,'2025-11-21 00:10:23.861725','189','POCUCPRUEBA-Ambientes cerrados-Fumadores activos en espacios cerrados-D.2',1,'[{\"added\": {}}]',14,3),(703,'2025-11-21 00:11:51.860652','187','POCUCPRUEBA-Ambientes cerrados-Fumadores activos en espacios cerrados-D',2,'[{\"changed\": {\"fields\": [\"Options\"]}}]',14,3),(704,'2025-11-21 00:13:07.056551','190','POCUCPRUEBA-Ambientes cerrados-Fumadores activos en espacios cerrados-E',1,'[{\"added\": {}}]',14,3),(705,'2025-11-21 00:14:50.783409','191','POCUCPRUEBA-Ambientes cerrados-Fumadores activos en espacios cerrados-F',1,'[{\"added\": {}}]',14,3),(706,'2025-11-21 00:15:45.269532','192','POCUCPRUEBA-Ambientes cerrados-Fumadores activos en espacios cerrados-F.1',1,'[{\"added\": {}}]',14,3),(707,'2025-11-21 00:16:22.085498','193','POCUCPRUEBA-Ambientes cerrados-Fumadores activos en espacios cerrados-F.2',1,'[{\"added\": {}}]',14,3),(708,'2025-11-21 00:16:55.726970','194','POCUCPRUEBA-Ambientes cerrados-Fumadores activos en espacios cerrados-F.3',1,'[{\"added\": {}}]',14,3),(709,'2025-11-21 00:17:37.840835','195','POCUCPRUEBA-Ambientes cerrados-Fumadores activos en espacios cerrados-F.4',1,'[{\"added\": {}}]',14,3),(710,'2025-11-21 00:33:42.915116','188','POCUCPRUEBA-Ambientes cerrados-Fumadores activos en espacios cerrados-D.1',2,'[{\"changed\": {\"fields\": [\"Is required\"]}}]',14,3),(711,'2025-11-21 00:34:54.377482','189','POCUCPRUEBA-Ambientes cerrados-Fumadores activos en espacios cerrados-D.2',2,'[{\"changed\": {\"fields\": [\"Is required\"]}}]',14,3),(712,'2025-11-21 17:14:32.537144','42','POCUCPRUEBA-Factores Socioculturales-Fumador Activo-J',2,'[{\"changed\": {\"fields\": [\"Is required\"]}}]',14,3),(713,'2025-11-21 17:14:42.451262','43','POCUCPRUEBA-Factores Socioculturales-Fumador Activo-J.1',2,'[{\"changed\": {\"fields\": [\"Is required\"]}}]',14,3),(714,'2025-11-21 17:14:54.213503','44','POCUCPRUEBA-Factores Socioculturales-Fumador Activo-J.2',2,'[{\"changed\": {\"fields\": [\"Is required\"]}}]',14,3),(715,'2025-11-21 17:15:12.518100','45','POCUCPRUEBA-Factores Socioculturales-Fumador Activo-J.3',2,'[{\"changed\": {\"fields\": [\"Is required\"]}}]',14,3),(716,'2025-11-21 17:15:31.045554','46','POCUCPRUEBA-Factores Socioculturales-Fumador Activo-J.4',2,'[{\"changed\": {\"fields\": [\"Is required\"]}}]',14,3),(717,'2025-11-21 17:15:31.694095','46','POCUCPRUEBA-Factores Socioculturales-Fumador Activo-J.4',2,'[]',14,3),(718,'2025-11-21 17:16:42.789012','47','POCUCPRUEBA-Factores Socioculturales-Fumador Activo-K',2,'[{\"changed\": {\"fields\": [\"Is required\"]}}]',14,3),(719,'2025-11-21 17:16:52.765394','48','POCUCPRUEBA-Factores Socioculturales-Fumador Activo-K.1',2,'[{\"changed\": {\"fields\": [\"Is required\"]}}]',14,3),(720,'2025-11-21 17:17:01.462962','49','POCUCPRUEBA-Factores Socioculturales-Fumador Activo-k.2',2,'[{\"changed\": {\"fields\": [\"Is required\"]}}]',14,3),(721,'2025-11-21 17:17:21.145985','50','POCUCPRUEBA-Factores Socioculturales-Fumador Activo-k.3',2,'[{\"changed\": {\"fields\": [\"Is required\"]}}]',14,3),(722,'2025-11-21 17:17:43.432617','50','POCUCPRUEBA-Factores Socioculturales-Fumador Activo-k.3',2,'[]',14,3),(723,'2025-11-21 17:18:08.582631','51','POCUCPRUEBA-Factores Socioculturales-Fumador Activo-k.4',2,'[{\"changed\": {\"fields\": [\"Is required\"]}}]',14,3),(724,'2025-11-21 17:19:19.608448','52','POCUCPRUEBA-Factores Socioculturales-Fumador Activo-L',2,'[{\"changed\": {\"fields\": [\"Is required\"]}}]',14,3),(725,'2025-11-21 17:19:37.721384','53','POCUCPRUEBA-Factores Socioculturales-Fumador Activo-L.1',2,'[{\"changed\": {\"fields\": [\"Is required\"]}}]',14,3),(726,'2025-11-21 17:19:55.675093','54','POCUCPRUEBA-Factores Socioculturales-Fumador Activo-L.2',2,'[{\"changed\": {\"fields\": [\"Is required\"]}}]',14,3),(727,'2025-11-21 17:20:14.086144','54','POCUCPRUEBA-Factores Socioculturales-Fumador Activo-L.2',2,'[]',14,3),(728,'2025-11-21 17:20:35.346587','55','POCUCPRUEBA-Factores Socioculturales-Fumador Activo-L.3',2,'[{\"changed\": {\"fields\": [\"Is required\"]}}]',14,3),(729,'2025-11-21 17:20:54.992666','56','POCUCPRUEBA-Factores Socioculturales-Fumador Activo-L.4',2,'[{\"changed\": {\"fields\": [\"Is required\"]}}]',14,3),(730,'2025-11-21 17:22:20.877517','78','POCUCPRUEBA-Factores Socioculturales-Fumador pasivo-O',2,'[{\"changed\": {\"fields\": [\"Is required\"]}}]',14,3),(731,'2025-11-21 17:24:39.293689','97','POCUCPRUEBA-Factores Socioculturales-Fumador pasivo-T',2,'[{\"changed\": {\"fields\": [\"Description\"]}}]',14,3),(732,'2025-11-21 17:30:41.389963','20','No hay expendio',1,'[{\"added\": {}}]',15,3),(733,'2025-11-21 17:32:59.191503','99','POCUCPRUEBA-Factores socio económicos-Mercadeo y Ventas-A',2,'[{\"changed\": {\"fields\": [\"Options\"]}}]',14,3),(734,'2025-11-21 17:42:06.955722','107','POCUCPRUEBA-Factores socio económicos-Mercadeo y Ventas-C',2,'[{\"changed\": {\"fields\": [\"Is required\"]}}]',14,3),(735,'2025-11-21 17:42:17.855108','108','POCUCPRUEBA-Factores socio económicos-Mercadeo y Ventas-C.1',2,'[{\"changed\": {\"fields\": [\"Is required\"]}}]',14,3),(736,'2025-11-21 17:42:28.097158','109','POCUCPRUEBA-Factores socio económicos-Mercadeo y Ventas-C.2',2,'[{\"changed\": {\"fields\": [\"Is required\"]}}]',14,3),(737,'2025-11-21 17:42:38.314315','110','POCUCPRUEBA-Factores socio económicos-Mercadeo y Ventas-C.3',2,'[{\"changed\": {\"fields\": [\"Is required\"]}}]',14,3),(738,'2025-11-21 18:02:23.169887','1052','survey:POCUCPRUEBA-session:1-visita:1-question:POCUCPRUEBA-Factores Socioculturales-Fumador pasivo-U',3,'',16,3),(739,'2025-11-21 18:02:23.171953','1051','survey:POCUCPRUEBA-session:1-visita:1-question:POCUCPRUEBA-Factores Socioculturales-Fumador pasivo-T',3,'',16,3),(740,'2025-11-21 18:02:23.174514','1050','survey:POCUCPRUEBA-session:1-visita:1-question:POCUCPRUEBA-Factores Socioculturales-Fumador Activo-E.3',3,'',16,3),(741,'2025-11-21 18:02:23.177046','1049','survey:POCUCPRUEBA-session:1-visita:1-question:POCUCPRUEBA-Factores Socioculturales-Fumador Activo-B.5',3,'',16,3),(742,'2025-11-21 18:02:23.180722','1048','survey:POCUCPRUEBA-session:1-visita:1-question:POCUCPRUEBA-Factores Socioculturales-Fumador Activo-B.4',3,'',16,3),(743,'2025-11-21 18:02:23.184616','1047','survey:POCUCPRUEBA-session:1-visita:1-question:POCUCPRUEBA-Factores Socioculturales-Fumador Activo-B.3',3,'',16,3),(744,'2025-11-21 18:02:23.188595','1046','survey:POCUCPRUEBA-session:1-visita:1-question:POCUCPRUEBA-Factores Socioculturales-Fumador Activo-E.2',3,'',16,3),(745,'2025-11-21 18:02:23.190595','1045','survey:POCUCPRUEBA-session:1-visita:1-question:POCUCPRUEBA-Factores Socioculturales-Fumador Activo-E.1',3,'',16,3),(746,'2025-11-21 18:02:23.193517','1044','survey:POCUCPRUEBA-session:1-visita:1-question:POCUCPRUEBA-Factores Socioculturales-Fumador Activo-D.4',3,'',16,3),(747,'2025-11-21 18:02:23.199568','1043','survey:POCUCPRUEBA-session:1-visita:1-question:POCUCPRUEBA-Factores Socioculturales-Fumador Activo-D.3',3,'',16,3),(748,'2025-11-21 18:02:23.201478','1042','survey:POCUCPRUEBA-session:1-visita:1-question:POCUCPRUEBA-Factores Socioculturales-Fumador Activo-D.2',3,'',16,3),(749,'2025-11-21 18:02:23.204689','1041','survey:POCUCPRUEBA-session:1-visita:1-question:POCUCPRUEBA-Factores Socioculturales-Fumador Activo-D.1',3,'',16,3),(750,'2025-11-21 18:02:23.208365','1040','survey:POCUCPRUEBA-session:1-visita:1-question:POCUCPRUEBA-Factores Socioculturales-Fumador Activo-C.3',3,'',16,3),(751,'2025-11-21 18:02:23.210064','1039','survey:POCUCPRUEBA-session:1-visita:1-question:POCUCPRUEBA-Factores Socioculturales-Fumador Activo-C.2',3,'',16,3),(752,'2025-11-21 18:02:23.212600','1038','survey:POCUCPRUEBA-session:1-visita:1-question:POCUCPRUEBA-Factores Socioculturales-Fumador Activo-C.1',3,'',16,3),(753,'2025-11-21 18:02:23.216704','1037','survey:POCUCPRUEBA-session:1-visita:1-question:POCUCPRUEBA-Factores Socioculturales-Fumador Activo-B.1',3,'',16,3),(754,'2025-11-21 18:02:23.218680','1036','survey:POCUCPRUEBA-session:1-visita:1-question:POCUCPRUEBA-Factores Socioculturales-Fumador Activo-B.2',3,'',16,3),(755,'2025-11-21 18:02:23.224529','1035','survey:POCUCPRUEBA-session:1-visita:1-question:POCUCPRUEBA-Factores Socioculturales-Fumador Activo-A',3,'',16,3),(756,'2025-11-21 18:02:23.225977','784','survey:POCUCPRUEBA-session:1-visita:1-question:POCUCPRUEBA-Factores socio económicos-Publicidad-F.4',3,'',16,3),(757,'2025-11-21 18:02:23.227564','783','survey:POCUCPRUEBA-session:1-visita:1-question:POCUCPRUEBA-Factores socio económicos-Publicidad-F.3',3,'',16,3),(758,'2025-11-21 18:02:23.238731','782','survey:POCUCPRUEBA-session:1-visita:1-question:POCUCPRUEBA-Factores socio económicos-Publicidad-F.2',3,'',16,3),(759,'2025-11-21 18:02:23.240752','781','survey:POCUCPRUEBA-session:1-visita:1-question:POCUCPRUEBA-Factores socio económicos-Publicidad-F.1',3,'',16,3),(760,'2025-11-21 18:02:23.245728','780','survey:POCUCPRUEBA-session:1-visita:1-question:POCUCPRUEBA-Factores socio económicos-Publicidad-E.3',3,'',16,3),(761,'2025-11-21 18:02:23.247639','779','survey:POCUCPRUEBA-session:1-visita:1-question:POCUCPRUEBA-Factores socio económicos-Publicidad-E.2',3,'',16,3),(762,'2025-11-21 18:02:23.257786','778','survey:POCUCPRUEBA-session:1-visita:1-question:POCUCPRUEBA-Factores socio económicos-Publicidad-A.2',3,'',16,3),(763,'2025-11-21 18:02:23.262353','777','survey:POCUCPRUEBA-session:1-visita:1-question:POCUCPRUEBA-Factores socio económicos-Publicidad-E.1',3,'',16,3),(764,'2025-11-21 18:02:23.266031','776','survey:POCUCPRUEBA-session:1-visita:1-question:POCUCPRUEBA-Factores socio económicos-Mercadeo y Ventas-D.3',3,'',16,3),(765,'2025-11-21 18:02:23.268054','775','survey:POCUCPRUEBA-session:1-visita:1-question:POCUCPRUEBA-Factores socio económicos-Mercadeo y Ventas-D.2',3,'',16,3),(766,'2025-11-21 18:02:23.269940','774','survey:POCUCPRUEBA-session:1-visita:1-question:POCUCPRUEBA-Factores socio económicos-Mercadeo y Ventas-D.1',3,'',16,3),(767,'2025-11-21 18:02:23.271968','773','survey:POCUCPRUEBA-session:1-visita:1-question:POCUCPRUEBA-Factores socio económicos-Mercadeo y Ventas-C.3',3,'',16,3),(768,'2025-11-21 18:02:23.278151','772','survey:POCUCPRUEBA-session:1-visita:1-question:POCUCPRUEBA-Factores socio económicos-Mercadeo y Ventas-C.2',3,'',16,3),(769,'2025-11-21 18:02:23.290345','771','survey:POCUCPRUEBA-session:1-visita:1-question:POCUCPRUEBA-Factores socio económicos-Mercadeo y Ventas-C.1',3,'',16,3),(770,'2025-11-21 18:02:23.292153','770','survey:POCUCPRUEBA-session:1-visita:1-question:POCUCPRUEBA-Factores socio económicos-Mercadeo y Ventas-B.3',3,'',16,3),(771,'2025-11-21 18:02:23.294034','769','survey:POCUCPRUEBA-session:1-visita:1-question:POCUCPRUEBA-Factores socio económicos-Mercadeo y Ventas-B.2',3,'',16,3),(772,'2025-11-21 18:02:23.309518','768','survey:POCUCPRUEBA-session:1-visita:1-question:POCUCPRUEBA-Factores socio económicos-Mercadeo y Ventas-B.1',3,'',16,3),(773,'2025-11-21 18:02:23.311619','767','survey:POCUCPRUEBA-session:1-visita:1-question:POCUCPRUEBA-Factores socio económicos-Mercadeo y Ventas-A.3',3,'',16,3),(774,'2025-11-21 18:02:23.317198','766','survey:POCUCPRUEBA-session:1-visita:1-question:POCUCPRUEBA-Factores socio económicos-Mercadeo y Ventas-A.2',3,'',16,3),(775,'2025-11-21 18:02:23.320471','765','survey:POCUCPRUEBA-session:1-visita:1-question:POCUCPRUEBA-Factores socio económicos-Mercadeo y Ventas-A.1',3,'',16,3),(776,'2025-11-22 16:15:43.470052','92','POCUCPRUEBA-Factores Socioculturales-Fumador pasivo-S',2,'[{\"changed\": {\"fields\": [\"Description\"]}}]',14,3),(777,'2025-11-24 19:08:35.332947','1','POCUC PILOTO',2,'[{\"changed\": {\"fields\": [\"Name\", \"Description\"]}}]',7,3),(778,'2025-11-24 19:48:30.578383','150','POCUC PILOTO-Ambientes abiertos-Fumadores activos en Espacios abiertos-A.2',3,'',14,3),(779,'2025-11-25 19:18:38.141754','2','sede Sanfernando',3,'',9,3),(780,'2025-11-25 19:18:38.141824','1','sede Melendez',3,'',9,3),(781,'2025-11-25 19:35:25.521001','3','Comprende la Plazoleta de ingenierías, pasillos de la Escuela de Ingeniería de sistemas y computación y pasillo frontal del auditorio numero 5',1,'[{\"added\": {}}]',9,3),(782,'2025-11-25 19:35:44.072956','4','Facultad de Ciencias naturales y exactas',1,'[{\"added\": {}}]',9,3),(783,'2025-11-25 19:35:57.000895','5','Cafetería de la Escuela de Ciencias del Lenguaje, los pasillos de la Biblioteca central y la Plazoleta',1,'[{\"added\": {}}]',9,3),(784,'2025-11-25 19:36:09.552160','6','Central, pasillos de central y banderas',1,'[{\"added\": {}}]',9,3),(785,'2025-11-25 19:36:51.617285','7','Pasillos del coliseo, canchas cercanas al coliseo ( número xx) y coliseo.',1,'[{\"added\": {}}]',9,3),(786,'2025-11-25 19:44:11.901589','3','Plazoleta de ingenierías, pasillos de la Escuela de Ingeniería de sistemas y computación y pasillo frontal del auditorio numero 5',2,'[{\"changed\": {\"fields\": [\"Name\"]}}]',9,3),(787,'2025-12-09 15:47:19.923504','4','Ambientes cerrados',2,'[{\"changed\": {\"fields\": [\"Target zone type\"]}}]',12,3),(788,'2025-12-09 15:47:25.247185','3','Ambientes abiertos',2,'[{\"changed\": {\"fields\": [\"Target zone type\"]}}]',12,3),(789,'2025-12-09 15:47:30.184018','2','Factores socio económicos',2,'[{\"changed\": {\"fields\": [\"Target zone type\"]}}]',12,3),(790,'2025-12-09 15:47:35.419237','1','Factores Socioculturales',2,'[{\"changed\": {\"fields\": [\"Target zone type\"]}}]',12,3),(791,'2025-12-09 19:16:16.712839','25','ANDRES DAVID ORTEGA ARTEAGA-POCUC PILOTO-session-1',3,'',10,3),(792,'2025-12-09 19:16:16.712897','24','NEYDY DANIELA ROSERO NARVAEZ-POCUC PILOTO-session-2',3,'',10,3),(793,'2025-12-09 19:16:16.712921','23','Paula Andrea Chacón Perez-POCUC PILOTO-session-2',3,'',10,3),(794,'2025-12-09 19:16:16.712941','22','MARIA DEL CARMEN CARRILLO CONSUEGRA-POCUC PILOTO-session-1',3,'',10,3),(795,'2025-12-09 19:16:16.712960','21','JOSE DANIEL TRUJILLO SUAREZ-POCUC PILOTO-session-1',3,'',10,3),(796,'2025-12-09 19:16:16.712979','20','TATIANA SILVA ORDOÑEZ-POCUC PILOTO-session-1',3,'',10,3),(797,'2025-12-09 19:16:16.713014','19','NEYDY DANIELA ROSERO NARVAEZ-POCUC PILOTO-session-1',3,'',10,3),(798,'2025-12-09 19:16:16.713037','18','Paula Andrea Chacón Perez-POCUC PILOTO-session-1',3,'',10,3),(799,'2025-12-09 19:16:16.713056','17','ANDRES DAVID RODRIGUEZ BADILLO-POCUC PILOTO-session-1',3,'',10,3),(800,'2025-12-09 19:16:16.713075','16','DANNA YULIETH HERRERA MOLINA-POCUC PILOTO-session-1',3,'',10,3),(801,'2025-12-09 19:16:16.713093','15','JOSÉ DANIEL Trujillo suarez-POCUC PILOTO-session-2',3,'',10,3),(802,'2025-12-09 19:16:16.713111','14','andres david Ortega-POCUC PILOTO-session-2',3,'',10,3),(803,'2025-12-09 19:16:16.713129','12','JOSÉ DANIEL Trujillo suarez-POCUC PILOTO-session-1',3,'',10,3),(804,'2025-12-11 15:46:00.790345','99','POCUC PILOTO-Factores socio económicos-Mercadeo y Ventas-A',2,'[{\"changed\": {\"fields\": [\"Input type\"]}}]',14,3),(805,'2025-12-11 15:48:27.298890','154','POCUC PILOTO-Ambientes abiertos-Fumadores activos en Espacios abiertos-B',2,'[{\"changed\": {\"fields\": [\"Input type\"]}}]',14,3),(806,'2025-12-11 15:51:37.370986','177','POCUC PILOTO-Ambientes abiertos-Fumadores activos en Espacios abiertos-H',2,'[{\"changed\": {\"fields\": [\"Input type\"]}}]',14,3),(807,'2025-12-11 15:52:30.739325','190','POCUC PILOTO-Ambientes cerrados-Fumadores activos en espacios cerrados-E',2,'[{\"changed\": {\"fields\": [\"Input type\"]}}]',14,3),(808,'2025-12-11 15:54:13.627786','190','POCUC PILOTO-Ambientes cerrados-Fumadores activos en espacios cerrados-E',2,'[{\"changed\": {\"fields\": [\"Position\"]}}]',14,3),(809,'2025-12-11 15:54:43.656829','185','POCUC PILOTO-Ambientes cerrados-Fumadores activos en espacios cerrados-B',2,'[{\"changed\": {\"fields\": [\"Input type\"]}}]',14,3),(810,'2025-12-11 15:56:21.463811','190','POCUC PILOTO-Ambientes cerrados-Fumadores activos en espacios cerrados-E',2,'[{\"changed\": {\"fields\": [\"Description\"]}}]',14,3),(811,'2025-12-11 15:57:22.351069','177','POCUC PILOTO-Ambientes abiertos-Fumadores activos en Espacios abiertos-H',2,'[{\"changed\": {\"fields\": [\"Description\"]}}]',14,3),(812,'2026-02-05 13:55:03.840834','1','POCUC PILOTO-Factores Socioculturales-Fumador Activo-A',2,'[{\"changed\": {\"fields\": [\"Description\"]}}]',14,3),(813,'2026-02-05 14:05:40.376281','32','POCUC PILOTO-Factores Socioculturales-Fumador Activo-B.3',3,'',14,3),(814,'2026-02-05 14:07:27.913652','2','POCUC PILOTO-Factores Socioculturales-Fumador Activo-B',2,'[{\"changed\": {\"fields\": [\"Description\"]}}]',14,3),(815,'2026-02-05 14:18:07.993275','5','POCUC PILOTO-Factores Socioculturales-Fumador Activo-C',2,'[{\"changed\": {\"fields\": [\"Description\"]}}]',14,3),(816,'2026-02-05 22:01:58.494350','15','POCUC PILOTO-Factores Socioculturales-Fumador Activo-E.1',2,'[{\"changed\": {\"fields\": [\"Description\"]}}]',14,3),(817,'2026-02-05 22:04:15.798643','15','POCUC PILOTO-Factores Socioculturales-Fumador Activo-E.1',2,'[{\"changed\": {\"fields\": [\"Description\"]}}]',14,3),(818,'2026-02-05 22:11:57.267448','19','POCUC PILOTO-Factores Socioculturales-Fumador Activo-F.2',3,'',14,3),(819,'2026-02-05 22:21:30.617000','24','POCUC PILOTO-Factores Socioculturales-Fumador Activo-G.2',3,'',14,3),(820,'2026-02-05 22:24:12.135507','29','POCUC PILOTO-Factores Socioculturales-Fumador Activo-H.2',3,'',14,3),(821,'2026-02-20 19:54:19.759701','32','ANDRES DAVID ORTEGA ARTEAGA-POCUC PILOTO-session-1',3,'',10,3),(822,'2026-02-20 19:54:19.759792','30','andres david Ortega-POCUC PILOTO-session-1',3,'',10,3),(823,'2026-02-20 19:54:19.760587','29','Paula Andrea Chacón Perez-POCUC PILOTO-session-1',3,'',10,3),(824,'2026-02-20 19:54:19.760643','28','Valentina Caicedo Restrepo-POCUC PILOTO-session-1',3,'',10,3),(825,'2026-02-20 19:54:19.760942','27','POLITICA UNIVERSIDAD SALUDABLE-POCUC PILOTO-session-1',3,'',10,3),(826,'2026-02-26 14:51:32.632829','1','Melendez',1,'[{\"added\": {}}]',18,3),(827,'2026-02-26 14:52:04.592257','7','Pasillos del coliseo, canchas cercanas al coliseo ( número xx) y coliseo. (Mixto (Abierto y Cerrado))',2,'[{\"changed\": {\"fields\": [\"Campus\"]}}]',9,3),(828,'2026-02-26 14:52:09.736549','6','Central, pasillos de central y banderas (Mixto (Abierto y Cerrado))',2,'[{\"changed\": {\"fields\": [\"Campus\"]}}]',9,3),(829,'2026-02-26 14:52:14.638576','5','Cafetería de la Escuela de Ciencias del Lenguaje, los pasillos de la Biblioteca central y la Plazoleta (Mixto (Abierto y Cerrado))',2,'[{\"changed\": {\"fields\": [\"Campus\"]}}]',9,3),(830,'2026-02-26 14:52:20.420992','4','Facultad de Ciencias naturales y exactas (Mixto (Abierto y Cerrado))',2,'[{\"changed\": {\"fields\": [\"Campus\"]}}]',9,3),(831,'2026-02-26 14:52:24.589135','3','Plazoleta de ingenierías, pasillos de la Escuela de Ingeniería de sistemas y computación y pasillo frontal del auditorio numero 5 (Mixto (Abierto y Cerrado))',2,'[{\"changed\": {\"fields\": [\"Campus\"]}}]',9,3),(832,'2026-02-26 23:29:22.716669','43','POCUC PILOTO-Factores Socioculturales-Fumador Activo-J.1',3,'',14,3),(833,'2026-02-26 23:29:22.718316','44','POCUC PILOTO-Factores Socioculturales-Fumador Activo-J.2',3,'',14,3),(834,'2026-02-26 23:29:22.720443','45','POCUC PILOTO-Factores Socioculturales-Fumador Activo-J.3',3,'',14,3),(835,'2026-02-26 23:29:22.723379','46','POCUC PILOTO-Factores Socioculturales-Fumador Activo-J.4',3,'',14,3),(836,'2026-02-26 23:29:22.724895','42','POCUC PILOTO-Factores Socioculturales-Fumador Activo-J',3,'',14,3),(837,'2026-02-26 23:33:34.241362','70','POCUC PILOTO-Factores Socioculturales-Fumador Activo-II.2',2,'[{\"changed\": {\"fields\": [\"Description\"]}}]',14,3),(838,'2026-02-26 23:35:05.235561','71','POCUC PILOTO-Factores Socioculturales-Fumador Activo-II.3',2,'[{\"changed\": {\"fields\": [\"Description\"]}}]',14,3),(839,'2026-02-26 23:37:16.900074','196','POCUC PILOTO-Factores Socioculturales-Fumador Activo-II.4',1,'[{\"added\": {}}]',14,3),(840,'2026-02-26 23:38:16.125721','197','POCUC PILOTO-Factores Socioculturales-Fumador Activo-II.5',1,'[{\"added\": {}}]',14,3),(841,'2026-02-26 23:39:54.503827','40','POCUC PILOTO-Factores Socioculturales-Fumador Activo-I.2',2,'[{\"changed\": {\"fields\": [\"Description\"]}}]',14,3),(842,'2026-02-26 23:54:15.745274','41','POCUC PILOTO-Factores Socioculturales-Fumador Activo-I.3',2,'[{\"changed\": {\"fields\": [\"Description\"]}}]',14,3),(843,'2026-02-26 23:57:40.670372','198','POCUC PILOTO-Factores Socioculturales-Fumador Activo-I.4',1,'[{\"added\": {}}]',14,3),(844,'2026-02-26 23:58:43.124775','199','POCUC PILOTO-Factores Socioculturales-Fumador Activo-I.5',1,'[{\"added\": {}}]',14,3),(845,'2026-02-27 00:06:35.247333','75','POCUC PILOTO-Factores Socioculturales-Fumador Activo-III.2',2,'[{\"changed\": {\"fields\": [\"Description\"]}}]',14,3),(846,'2026-02-27 00:07:05.774067','76','POCUC PILOTO-Factores Socioculturales-Fumador Activo-III.3',2,'[{\"changed\": {\"fields\": [\"Description\"]}}]',14,3),(847,'2026-02-27 00:07:46.120571','200','POCUC PILOTO-Factores Socioculturales-Fumador Activo-III.4',1,'[{\"added\": {}}]',14,3),(848,'2026-02-27 00:08:35.066242','201','POCUC PILOTO-Factores Socioculturales-Fumador Activo-III.5',1,'[{\"added\": {}}]',14,3),(849,'2026-02-27 01:40:32.735910','79','POCUC PILOTO-Factores Socioculturales-Fumador pasivo-P',2,'[{\"changed\": {\"fields\": [\"Description\"]}}]',14,3),(850,'2026-02-27 01:41:31.215901','80','POCUC PILOTO-Factores Socioculturales-Fumador pasivo-Q',2,'[{\"changed\": {\"fields\": [\"Description\"]}}]',14,3),(851,'2026-02-27 02:05:42.581927','107','POCUC PILOTO-Factores socio económicos-Mercadeo y Ventas-C',2,'[{\"changed\": {\"fields\": [\"Description\"]}}]',14,3),(852,'2026-02-27 02:07:15.645447','116','POCUC PILOTO-Factores socio económicos-Publicidad-E',2,'[{\"changed\": {\"fields\": [\"Description\"]}}]',14,3),(853,'2026-02-27 02:25:09.000207','118','POCUC PILOTO-Factores socio económicos-Publicidad-A.2',3,'',14,3),(854,'2026-02-27 02:28:44.247408','202','POCUC PILOTO-Factores socio económicos-Publicidad-E.4',1,'[{\"added\": {}}]',14,3),(855,'2026-02-27 02:30:08.118746','120','POCUC PILOTO-Factores socio económicos-Publicidad-E.3',2,'[{\"changed\": {\"fields\": [\"Position\"]}}]',14,3),(856,'2026-02-27 02:32:18.726611','202','POCUC PILOTO-Factores socio económicos-Publicidad-E.4',3,'',14,3),(857,'2026-02-27 14:14:40.106466','121','POCUC PILOTO-Factores socio económicos-Publicidad-F',2,'[{\"changed\": {\"fields\": [\"Description\"]}}]',14,3),(858,'2026-02-27 14:17:24.112216','121','POCUC PILOTO-Factores socio económicos-Publicidad-F',2,'[{\"changed\": {\"fields\": [\"Description\"]}}]',14,3),(859,'2026-02-27 14:25:21.450183','141','POCUC PILOTO-Factores socio económicos-Publicidad-H',2,'[{\"changed\": {\"fields\": [\"Description\"]}}]',14,3),(860,'2026-02-27 14:27:46.994889','144','POCUC PILOTO-Factores socio económicos-Publicidad-I.2',2,'[{\"changed\": {\"fields\": [\"Position\"]}}]',14,3),(861,'2026-02-27 15:43:53.680611','203','POCUC PILOTO-Ambientes cerrados-Fumadores activos en espacios cerrados-A.6',1,'[{\"added\": {}}]',14,3),(862,'2026-02-27 15:46:01.971895','204','POCUC PILOTO-Ambientes cerrados-Fumadores activos en espacios cerrados-A.7',1,'[{\"added\": {}}]',14,3),(863,'2026-02-27 15:50:07.199470','184','POCUC PILOTO-Ambientes cerrados-Fumadores activos en espacios cerrados-A.5',2,'[{\"changed\": {\"fields\": [\"Description\"]}}]',14,3),(864,'2026-02-27 15:52:10.347422','185','POCUC PILOTO-Ambientes cerrados-Fumadores activos en espacios cerrados-B',2,'[{\"changed\": {\"fields\": [\"Options\"]}}]',14,3),(865,'2026-02-27 16:03:36.580497','151','POCUC PILOTO-Ambientes abiertos-Fumadores activos en Espacios abiertos-A.3',2,'[{\"changed\": {\"fields\": [\"Description\"]}}]',14,3),(866,'2026-02-27 16:06:07.339418','153','POCUC PILOTO-Ambientes abiertos-Fumadores activos en Espacios abiertos-A.5',2,'[{\"changed\": {\"fields\": [\"Description\", \"Position\"]}}]',14,3),(867,'2026-02-27 16:06:07.542941','153','POCUC PILOTO-Ambientes abiertos-Fumadores activos en Espacios abiertos-A.5',2,'[]',14,3),(868,'2026-02-27 16:35:12.601453','194','POCUC PILOTO-Ambientes cerrados-Fumadores activos en espacios cerrados-F.3',2,'[{\"changed\": {\"fields\": [\"Description\"]}}]',14,3),(869,'2026-02-27 19:51:31.600757','14','Valentina Caicedo Restrepo',3,'',8,3),(870,'2026-02-27 19:51:31.600803','13','MARIA DEL CARMEN CARRILLO CONSUEGRA',3,'',8,3),(871,'2026-02-27 19:51:31.600835','12','Paula Andrea Chacón Perez',3,'',8,3),(872,'2026-02-27 19:51:31.600853','11','NEYDY DANIELA ROSERO NARVAEZ',3,'',8,3),(873,'2026-02-27 19:51:31.600869','10','TATIANA SILVA ORDOÑEZ',3,'',8,3),(874,'2026-02-27 19:51:31.600910','9','ANDRES DAVID RODRIGUEZ BADILLO',3,'',8,3),(875,'2026-02-27 19:51:31.600933','8','DANNA YULIETH HERRERA MOLINA',3,'',8,3),(876,'2026-02-27 19:51:31.600955','7','JOSE DANIEL TRUJILLO SUAREZ',3,'',8,3),(877,'2026-02-27 19:51:31.600975','6','JOSÉ DANIEL Trujillo suarez',3,'',8,3),(878,'2026-02-27 19:51:31.600992','5','ANGIE YANIRA GUACANES YEPES',3,'',8,3),(879,'2026-02-27 19:51:31.601007','4','POLITICA UNIVERSIDAD SALUDABLE',3,'',8,3),(880,'2026-02-27 19:51:31.601023','3','HEIDY JOHANA MEDINA ZAPATA',3,'',8,3),(881,'2026-02-27 19:51:31.601039','2','andres david Ortega',3,'',8,3);
/*!40000 ALTER TABLE `django_admin_log` ENABLE KEYS */;
UNLOCK TABLES;

--
-- Table structure for table `django_content_type`
--

DROP TABLE IF EXISTS `django_content_type`;
/*!40101 SET @saved_cs_client     = @@character_set_client */;
/*!50503 SET character_set_client = utf8mb4 */;
CREATE TABLE `django_content_type` (
  `id` int NOT NULL AUTO_INCREMENT,
  `app_label` varchar(100) NOT NULL,
  `model` varchar(100) NOT NULL,
  PRIMARY KEY (`id`),
  UNIQUE KEY `django_content_type_app_label_model_76bd3d3b_uniq` (`app_label`,`model`)
) ENGINE=InnoDB AUTO_INCREMENT=19 DEFAULT CHARSET=utf8mb3;
/*!40101 SET character_set_client = @saved_cs_client */;

--
-- Dumping data for table `django_content_type`
--

LOCK TABLES `django_content_type` WRITE;
/*!40000 ALTER TABLE `django_content_type` DISABLE KEYS */;
INSERT INTO `django_content_type` VALUES (1,'admin','logentry'),(3,'auth','group'),(2,'auth','permission'),(4,'auth','user'),(18,'campus','campus'),(12,'category','category'),(5,'contenttypes','contenttype'),(8,'observer','observer'),(15,'option','option'),(14,'question','question'),(17,'response','questioncommentanswer'),(16,'response','response'),(6,'sessions','session'),(13,'subcategory','subcategory'),(7,'survey','survey'),(10,'surveysession','surveysession'),(11,'visit','visit'),(9,'zone','zone');
/*!40000 ALTER TABLE `django_content_type` ENABLE KEYS */;
UNLOCK TABLES;

--
-- Table structure for table `django_migrations`
--

DROP TABLE IF EXISTS `django_migrations`;
/*!40101 SET @saved_cs_client     = @@character_set_client */;
/*!50503 SET character_set_client = utf8mb4 */;
CREATE TABLE `django_migrations` (
  `id` bigint NOT NULL AUTO_INCREMENT,
  `app` varchar(255) NOT NULL,
  `name` varchar(255) NOT NULL,
  `applied` datetime(6) NOT NULL,
  PRIMARY KEY (`id`)
) ENGINE=InnoDB AUTO_INCREMENT=43 DEFAULT CHARSET=utf8mb3;
/*!40101 SET character_set_client = @saved_cs_client */;

--
-- Dumping data for table `django_migrations`
--

LOCK TABLES `django_migrations` WRITE;
/*!40000 ALTER TABLE `django_migrations` DISABLE KEYS */;
INSERT INTO `django_migrations` VALUES (1,'contenttypes','0001_initial','2025-11-03 21:13:17.888682'),(2,'auth','0001_initial','2025-11-03 21:13:18.438274'),(3,'admin','0001_initial','2025-11-03 21:13:18.549223'),(4,'admin','0002_logentry_remove_auto_add','2025-11-03 21:13:18.560395'),(5,'admin','0003_logentry_add_action_flag_choices','2025-11-03 21:13:18.570325'),(6,'contenttypes','0002_remove_content_type_name','2025-11-03 21:13:18.746144'),(7,'auth','0002_alter_permission_name_max_length','2025-11-03 21:13:18.877194'),(8,'auth','0003_alter_user_email_max_length','2025-11-03 21:13:18.966029'),(9,'auth','0004_alter_user_username_opts','2025-11-03 21:13:18.975104'),(10,'auth','0005_alter_user_last_login_null','2025-11-03 21:13:19.035671'),(11,'auth','0006_require_contenttypes_0002','2025-11-03 21:13:19.038525'),(12,'auth','0007_alter_validators_add_error_messages','2025-11-03 21:13:19.047050'),(13,'auth','0008_alter_user_username_max_length','2025-11-03 21:13:19.108452'),(14,'auth','0009_alter_user_last_name_max_length','2025-11-03 21:13:19.169740'),(15,'auth','0010_alter_group_name_max_length','2025-11-03 21:13:19.222096'),(16,'auth','0011_update_proxy_permissions','2025-11-03 21:13:19.238109'),(17,'auth','0012_alter_user_first_name_max_length','2025-11-03 21:13:19.313287'),(18,'sessions','0001_initial','2025-11-03 21:13:19.359300'),(19,'category','0001_initial','2025-11-03 21:48:29.281610'),(20,'observer','0001_initial','2025-11-03 21:48:29.299366'),(21,'option','0001_initial','2025-11-03 21:48:29.331115'),(22,'survey','0001_initial','2025-11-03 21:48:29.362968'),(23,'subcategory','0001_initial','2025-11-03 21:48:29.497676'),(24,'question','0001_initial','2025-11-03 21:48:30.085635'),(25,'zone','0001_initial','2025-11-03 21:48:30.107327'),(26,'surveysession','0001_initial','2025-11-03 21:48:30.310077'),(27,'visit','0001_initial','2025-11-03 21:48:30.377148'),(28,'response','0001_initial','2025-11-03 22:39:50.205179'),(29,'question','0002_question_is_required','2025-11-06 22:33:40.302208'),(30,'surveysession','0002_alter_surveysession_number_session','2025-11-12 14:36:59.992666'),(31,'question','0003_alter_question_options_question_position','2025-11-15 23:09:28.232112'),(32,'response','0002_questioncommentanswer','2025-11-15 23:09:28.506151'),(33,'question','0004_alter_question_code','2025-11-16 00:12:17.023770'),(34,'subcategory','0002_alter_subcategory_name','2025-11-20 20:37:32.767060'),(35,'response','0003_alter_questioncommentanswer_comment','2025-11-25 19:24:53.374605'),(36,'zone','0002_alter_zone_name','2025-11-25 19:24:53.790154'),(37,'zone','0003_alter_zone_name','2025-11-25 19:31:47.712446'),(38,'category','0002_category_target_zone_type','2025-12-09 15:46:07.840442'),(39,'question','0005_question_input_type','2025-12-09 15:46:08.176988'),(40,'zone','0004_zone_zone_type','2025-12-09 15:46:08.287249'),(41,'campus','0001_initial','2026-02-26 14:50:55.763385'),(42,'zone','0005_zone_campus_zone_unique_number_by_campus_zone','2026-02-26 14:51:04.426169');
/*!40000 ALTER TABLE `django_migrations` ENABLE KEYS */;
UNLOCK TABLES;

--
-- Table structure for table `django_session`
--

DROP TABLE IF EXISTS `django_session`;
/*!40101 SET @saved_cs_client     = @@character_set_client */;
/*!50503 SET character_set_client = utf8mb4 */;
CREATE TABLE `django_session` (
  `session_key` varchar(40) NOT NULL,
  `session_data` longtext NOT NULL,
  `expire_date` datetime(6) NOT NULL,
  PRIMARY KEY (`session_key`),
  KEY `django_session_expire_date_a5c62663` (`expire_date`)
) ENGINE=InnoDB DEFAULT CHARSET=utf8mb3;
/*!40101 SET character_set_client = @saved_cs_client */;

--
-- Dumping data for table `django_session`
--

LOCK TABLES `django_session` WRITE;
/*!40000 ALTER TABLE `django_session` DISABLE KEYS */;
INSERT INTO `django_session` VALUES ('9jum3ixpqau4yvczqz6ag1hsopdmefkg','.eJxVjEEOwiAQRe_C2pApFBCX7nsGMsCMVA0kpV0Z765NutDtf-_9lwi4rSVsnZYwZ3ERSpx-t4jpQXUH-Y711mRqdV3mKHdFHrTLqWV6Xg_376BgL986YdTpbLXXHgBYeeCRdfTGuGH0zrIdskmEThFqNk6Tg4iMmCFZ8iDeH9ZbOAM:1vGN94:_L5PcKF6vJ3gNPDI1LKWe9lRi4rPp8ZsGBrH6OICZ8Y','2025-11-18 19:56:46.254120'),('l9ycpfh5i1ejt5fef15bgh1yhnabyezo','.eJxVjEEOwiAQRe_C2hCg0GFcuvcMZBhQqgaS0q6Md7dNutDte-__twi0LiWsPc9hSuIsBnH6ZZH4mesu0oPqvUludZmnKPdEHrbLa0v5dTnav4NCvWxrY7IaGDwbBx4VAVmtYYzscaNoWRmiW1ZG2zFpIot-AESPBqxzOYrPF71wNsY:1vtWXl:2186z8onI2ZzLbAUvUVu8NIFKK2x3e1dUi9Y-W-C0iM','2026-03-06 19:52:05.560362'),('uglr4mdfybnt9buhwddjbn4jl3752lpo','.eJxVjEEOwiAQRe_C2hCg0GFcuvcMZBhQqgaS0q6Md7dNutDte-__twi0LiWsPc9hSuIsBnH6ZZH4mesu0oPqvUludZmnKPdEHrbLa0v5dTnav4NCvWxrY7IaGDwbBx4VAVmtYYzscaNoWRmiW1ZG2zFpIot-AESPBqxzOYrPF71wNsY:1vLSCv:tqX2F5HUldsYFooPBhGZQFQND1Zci0LKLiB8g01lP3o','2025-12-02 20:21:45.251850'),('v5i5jbx0vmmpghc2mlz6a6ue3diavs9q','.eJxVjEEOwiAQRe_C2hCg0GFcuvcMZBhQqgaS0q6Md7dNutDte-__twi0LiWsPc9hSuIsBnH6ZZH4mesu0oPqvUludZmnKPdEHrbLa0v5dTnav4NCvWxrY7IaGDwbBx4VAVmtYYzscaNoWRmiW1ZG2zFpIot-AESPBqxzOYrPF71wNsY:1vnzjZ:4uZDRlTt_FJi-3gRQVzjThw7ZMJOjkgJ4ltFzm_hmkA','2026-02-19 13:49:25.387425'),('v8ny0rvwva0sgwre7e224e1ydvrdsobp','.eJxVjEEOwiAQRe_C2hCg0GFcuvcMZBhQqgaS0q6Md7dNutDte-__twi0LiWsPc9hSuIsBnH6ZZH4mesu0oPqvUludZmnKPdEHrbLa0v5dTnav4NCvWxrY7IaGDwbBx4VAVmtYYzscaNoWRmiW1ZG2zFpIot-AESPBqxzOYrPF71wNsY:1vSzu6:cRbAgXewO8Mw81ZEC30od3BLacdT0dcuwc9zzJMXsCQ','2025-12-23 15:45:30.005483');
/*!40000 ALTER TABLE `django_session` ENABLE KEYS */;
UNLOCK TABLES;

--
-- Table structure for table `observer_observer`
--

DROP TABLE IF EXISTS `observer_observer`;
/*!40101 SET @saved_cs_client     = @@character_set_client */;
/*!50503 SET character_set_client = utf8mb4 */;
CREATE TABLE `observer_observer` (
  `id` bigint NOT NULL AUTO_INCREMENT,
  `name` varchar(100) NOT NULL,
  `email` varchar(100) NOT NULL,
  `register_date` datetime(6) DEFAULT NULL,
  PRIMARY KEY (`id`)
) ENGINE=InnoDB AUTO_INCREMENT=15 DEFAULT CHARSET=utf8mb3;
/*!40101 SET character_set_client = @saved_cs_client */;

--
-- Dumping data for table `observer_observer`
--

LOCK TABLES `observer_observer` WRITE;
/*!40000 ALTER TABLE `observer_observer` DISABLE KEYS */;
INSERT INTO `observer_observer` VALUES (1,'ANDRES DAVID ORTEGA ARTEAGA','andres.david.ortega@correounivalle.edu.co','2025-11-03 21:54:55.282009');
/*!40000 ALTER TABLE `observer_observer` ENABLE KEYS */;
UNLOCK TABLES;

--
-- Table structure for table `option_option`
--

DROP TABLE IF EXISTS `option_option`;
/*!40101 SET @saved_cs_client     = @@character_set_client */;
/*!50503 SET character_set_client = utf8mb4 */;
CREATE TABLE `option_option` (
  `id` bigint NOT NULL AUTO_INCREMENT,
  `description` varchar(30) NOT NULL,
  PRIMARY KEY (`id`)
) ENGINE=InnoDB AUTO_INCREMENT=21 DEFAULT CHARSET=utf8mb3;
/*!40101 SET character_set_client = @saved_cs_client */;

--
-- Dumping data for table `option_option`
--

LOCK TABLES `option_option` WRITE;
/*!40000 ALTER TABLE `option_option` DISABLE KEYS */;
INSERT INTO `option_option` VALUES (1,'0'),(2,'1'),(3,'2'),(4,'3'),(5,'4'),(6,'5'),(8,'Cafetería'),(9,'Expendios de dulces'),(10,'Expendio de alimentos'),(11,'Entre 1m-2m'),(12,'Entre 2m-3m'),(13,'Entre 3m-4m'),(14,'Entre 4m-5m'),(15,'Entre 5m-6m'),(16,'Mas de 6m'),(17,'Pequeño (1cm-50cm)'),(18,'Mediano (50cm-1m)'),(19,'Grande (mas de 1m)'),(20,'No hay expendio');
/*!40000 ALTER TABLE `option_option` ENABLE KEYS */;
UNLOCK TABLES;

--
-- Table structure for table `question_question`
--

DROP TABLE IF EXISTS `question_question`;
/*!40101 SET @saved_cs_client     = @@character_set_client */;
/*!50503 SET character_set_client = utf8mb4 */;
CREATE TABLE `question_question` (
  `id` bigint NOT NULL AUTO_INCREMENT,
  `code` varchar(20) NOT NULL,
  `question_type` varchar(20) NOT NULL,
  `description` longtext NOT NULL,
  `parent_question_id` bigint DEFAULT NULL,
  `subcategory_id` bigint NOT NULL,
  `is_required` tinyint(1) NOT NULL,
  `position` double NOT NULL,
  `input_type` varchar(3) NOT NULL,
  PRIMARY KEY (`id`),
  KEY `question_question_parent_question_id_b56ab662_fk_question_` (`parent_question_id`),
  KEY `question_question_subcategory_id_4497f18e_fk_subcatego` (`subcategory_id`),
  CONSTRAINT `question_question_parent_question_id_b56ab662_fk_question_` FOREIGN KEY (`parent_question_id`) REFERENCES `question_question` (`id`),
  CONSTRAINT `question_question_subcategory_id_4497f18e_fk_subcatego` FOREIGN KEY (`subcategory_id`) REFERENCES `subcategory_subcategory` (`id`)
) ENGINE=InnoDB AUTO_INCREMENT=205 DEFAULT CHARSET=utf8mb3;
/*!40101 SET character_set_client = @saved_cs_client */;

--
-- Dumping data for table `question_question`
--

LOCK TABLES `question_question` WRITE;
/*!40000 ALTER TABLE `question_question` DISABLE KEYS */;
INSERT INTO `question_question` VALUES (1,'A','unique_response','¿Número de personas aproximado que se observaron fumando en el periodo de dos horas?',NULL,1,1,1,'NUM'),(2,'B','matrix_parent','Usted identifica que el sexo de los fumadores es … (\r\nespecificar , cada opción señalada representa el número de personas con\r\nesas características, es decir, no puedo señalar más de una opción para\r\nnombrar una misma persona).',NULL,1,1,2,'NUM'),(3,'B.2','matrix_child','Hombre',2,1,1,2,'NUM'),(4,'B.1','matrix_child','Mujer',2,1,1,1,'NUM'),(5,'C','matrix_parent','Usted identifica que la pertenencia étnica de los fumadores es….',NULL,1,1,3,'NUM'),(6,'C.1','matrix_child','Mestizos',5,1,1,1,'NUM'),(7,'C.2','matrix_child','Indígena',5,1,1,2,'NUM'),(8,'C.3','matrix_child','Afrodecendiente',5,1,1,3,'NUM'),(9,'D','matrix_parent','¿En qué curso de vida se encuentran las personas que están fumando?',NULL,1,1,4,'NUM'),(10,'D.1','matrix_child','Adolescente (12-18 años)',9,1,1,1,'NUM'),(11,'D.2','matrix_child','Joven(14-26 años)',9,1,1,2,'NUM'),(12,'D.3','matrix_child','Adulto (27-59 años)',9,1,1,3,'NUM'),(13,'D.4','matrix_child','Adulto Mayor (> 60 años)',9,1,1,4,'NUM'),(14,'E','matrix_parent','¿Qué fuma la persona?',NULL,1,1,5,'NUM'),(15,'E.1','matrix_child','Cigarrillo (especificar en comentarios que tipo de cigarrillo es, ej: herbal o de otro tipo)',14,1,1,1,'NUM'),(16,'E.2','matrix_child','Vapeador',14,1,1,2,'NUM'),(17,'F','matrix_parent','¿En caso de consumo de cigarrillo, cómo   el consumidor accedió a este?',NULL,1,0,6,'NUM'),(18,'F.1','matrix_child','Lo traía consigo',17,1,0,1,'NUM'),(21,'F.3','matrix_child','Compro en un lugar de venta',17,1,0,3,'NUM'),(22,'G','matrix_parent','¿ En caso de consumo de marihuana cómo   el consumidor accedió a este?',NULL,1,0,7,'NUM'),(23,'G.1','matrix_child','Lo traía consigo',22,1,0,1,'NUM'),(25,'G.3','matrix_child','Se lo ofreció un acompañante',22,1,0,3,'NUM'),(26,'G.4','matrix_child','Compro en un lugar de venta',22,1,0,4,'NUM'),(27,'H','matrix_parent','¿En caso de consumo de vapeador, cómo   el consumidor accedió a este?',NULL,1,0,8,'NUM'),(28,'H.1','matrix_child','Lo traía consigo',27,1,0,1,'NUM'),(30,'H.3','matrix_child','Se lo ofreció un acompañante',27,1,0,3,'NUM'),(31,'H.4','matrix_child','Compro en un lugar de venta',27,1,0,4,'NUM'),(33,'B.4','matrix_child','Expresión mixta/no definida',2,1,1,4,'NUM'),(34,'B.5','matrix_child','Indeterminada',2,1,1,5,'NUM'),(35,'E.3','matrix_child','Marihuana',14,1,1,3,'NUM'),(36,'F.4','matrix_child','Se lo ofreció un acompañante',17,1,0,4,'NUM'),(38,'I','matrix_parent','¿El fumar tabaco  es acompañado de  consumo de otras sustancias?',NULL,1,0,9,'NUM'),(39,'I.1','matrix_child','Bebidas alcohólicas',38,1,0,1,'NUM'),(40,'I.2','matrix_child','bebidas azucaradas',38,1,0,2,'NUM'),(41,'I.3','matrix_child','jugo natural',38,1,0,3,'NUM'),(47,'K','matrix_parent','Alrededor de la práctica de fumar ¿Se observa además consumo de algún alimento?',NULL,1,0,11,'NUM'),(48,'K.1','matrix_child','Empaquetados',47,1,0,1,'NUM'),(49,'k.2','matrix_child','Frituras',47,1,0,2,'NUM'),(50,'k.3','matrix_child','Dulces (solidos)',47,1,0,3,'NUM'),(51,'k.4','matrix_child','Proteína',47,1,0,4,'NUM'),(52,'L','matrix_parent','¿Qué actividades se encuentran realizando las personas fumadoras?',NULL,1,0,12,'NUM'),(53,'L.1','matrix_child','Manipulando un computador',52,1,0,1,'NUM'),(54,'L.2','matrix_child','Manipulando un celular',52,1,0,2,'NUM'),(55,'L.3','matrix_child','Manipulando  un cuaderno, libro, hojas',52,1,0,3,'NUM'),(56,'L.4','matrix_child','Hablando con otras personas',52,1,0,4,'NUM'),(57,'M','unique_response','¿Ante el acto de fumar, se observan personas que reclaman y rechazan tal conducta? ¿Cuántas?',NULL,1,0,13,'NUM'),(58,'N','matrix_parent','En caso de haber reclamo, ¿Cómo reacciona la persona que está fumando?',NULL,1,0,14,'NUM'),(59,'N.1','matrix_child','Se aleja de las personas que reclaman',58,1,0,1,'NUM'),(60,'N.2','matrix_child','Responde de forma asertiva',58,1,0,2,'NUM'),(61,'N.3','matrix_child','Responde con agresión verbal',58,1,0,3,'NUM'),(62,'N.4','matrix_child','Responde con agresión física',58,1,0,4,'NUM'),(63,'Ñ','matrix_parent','¿Al terminar, los fumadores donde depositan las colillas?',NULL,1,0,15,'NUM'),(64,'Ñ.1','matrix_child','Lo depositan en canecas para la basura',63,1,0,1,'NUM'),(65,'Ñ.2','matrix_child','Lo tiran al piso',63,1,0,2,'NUM'),(66,'Ñ.3','matrix_child','Lo dejan sobre una superficie',63,1,0,3,'NUM'),(68,'II','matrix_parent','¿El fumar marihuana  es acompañado de  consumo de otras sustancias?',NULL,1,0,9.1,'NUM'),(69,'II.1','matrix_child','Bebidas alcohólicas',68,1,0,1,'NUM'),(70,'II.2','matrix_child','bebidas azucaradas',68,1,0,2,'NUM'),(71,'II.3','matrix_child','jugo natural',68,1,0,3,'NUM'),(73,'III','matrix_parent','¿El fumar vapeador  es acompañado de consumo de otras sustancias?',NULL,1,0,9.2,'NUM'),(74,'III.1','matrix_child','Bebidas alcohólicas',73,1,0,1,'NUM'),(75,'III.2','matrix_child','bebidas azucaradas',73,1,0,2,'NUM'),(76,'III.3','matrix_child','jugo natural',73,1,0,3,'NUM'),(78,'O','unique_response','¿Cuántas personas no\r\nfumadoras hay en un radio de 2\r\nmetros alrededor de las personas\r\nque están fumando?',NULL,2,0,16,'NUM'),(79,'P','unique_response','¿Ante el acto de fumar se observan fumadores pasivos que reclaman y rechazan  tal conducta?',NULL,2,0,17,'NUM'),(80,'Q','matrix_parent','En caso de haber reclamo ¿La conducta de los no fumadores frente a esta situación es?',NULL,2,0,18,'NUM'),(81,'Q.1','matrix_child','Se alejan del fumador',80,2,0,1,'NUM'),(82,'Q.2','matrix_child','Reclamo asertivo',80,2,0,2,'NUM'),(83,'Q.3','matrix_child','Reclaman con agresión verbal',80,2,0,3,'NUM'),(84,'Q.4','matrix_child','Reclaman con agresión física',80,2,0,4,'NUM'),(85,'Q.5','matrix_child','Permanecen en el espacio sin hacer otro reclamo',80,2,0,5,'NUM'),(86,'R','matrix_parent','¿Las personas que rechazan la conducta de fumar,  en qué curso de vida se encuentran?',NULL,2,0,19,'NUM'),(87,'R.1','matrix_child','Adolescente',86,2,0,1,'NUM'),(88,'R.2','matrix_child','Joven',86,2,0,2,'NUM'),(89,'R.3','matrix_child','Adulto',86,2,0,3,'NUM'),(90,'R.4','matrix_child','Adulto Mayor',86,2,0,4,'NUM'),(92,'S','matrix_parent','Los fumadores pasivos que están junto al fumador, ¿en qué curso de vida se encuentran?',NULL,2,0,20,'NUM'),(93,'S.1','matrix_child','Adolescente',92,2,0,1,'NUM'),(94,'S.2','matrix_child','Joven',92,2,0,2,'NUM'),(95,'S.3','matrix_child','Adulto',92,2,0,3,'NUM'),(96,'S.4','matrix_child','Adulto Mayor',92,2,0,4,'NUM'),(97,'T','unique_response','Hay en el sitio mujeres embarazadas ¿cuántas?',NULL,2,1,20,'NUM'),(98,'U','unique_response','¿Hay niños en el lugar que se está observando?, ¿cuántos?.',NULL,2,1,22,'NUM'),(99,'A','matrix_parent','¿Lugar dónde se encuentra ubicada la venta de Las siguientes sustancias?',NULL,3,1,1,'STR'),(100,'A.1','matrix_child','cigarrillos',99,3,1,1,'NUM'),(101,'A.2','matrix_child','Marihuana',99,3,1,2,'NUM'),(102,'A.3','matrix_child','Vapeadores',99,3,1,3,'NUM'),(103,'B','matrix_parent','¿Cuántos expendios de venta de cigarrillos, marihuana y vapeador hay en la zona de concurrencia destinada?',NULL,3,1,2,'NUM'),(104,'B.1','matrix_child','Cigarrillo',103,3,1,1,'NUM'),(105,'B.2','matrix_child','Marihuana',103,3,1,2,'NUM'),(106,'B.3','matrix_child','Vapeador',103,3,1,3,'NUM'),(107,'C','matrix_parent','¿número de personas que compran por cada forma de venta en los expendios de venta?',NULL,3,0,3,'NUM'),(108,'C.1','matrix_child','Por unidad',107,3,0,1,'NUM'),(109,'C.2','matrix_child','Menudeo',107,3,0,2,'NUM'),(110,'C.3','matrix_child','Por Cajetillas',107,3,0,3,'NUM'),(111,'D','matrix_parent','¿Aproximadamente cuántas personas se observan comprando cigarrillos, marihuana, vapeadores?',NULL,3,1,4,'NUM'),(112,'D.1','matrix_child','Cigarrillos',111,3,1,1,'NUM'),(113,'D.2','matrix_child','Marihuana',111,3,1,2,'NUM'),(114,'D.3','matrix_child','Vapeadores',111,3,1,3,'NUM'),(116,'E','matrix_parent','¿Dónde se ubican los cigarrillos en el puesto de venta?',NULL,4,1,5,'NUM'),(117,'E.1','matrix_child','A primera vista en una fila',116,4,1,1,'NUM'),(119,'E.2','matrix_child','Debajo de otros productos',116,4,1,2,'NUM'),(120,'E.3','matrix_child','Junto a los dulces',116,4,1,3,'NUM'),(121,'F','matrix_parent','¿En la zona de observación cuantos avisos hay que invitan a fumar?',NULL,4,1,6,'NUM'),(122,'F.1','matrix_child','Cafetería',121,4,1,1,'NUM'),(123,'F.2','matrix_child','Pasillo',121,4,1,2,'NUM'),(124,'F.3','matrix_child','Mesas de reunión',121,4,1,3,'NUM'),(125,'F.4','matrix_child','Zona verde',121,4,1,4,'NUM'),(134,'G','matrix_parent','Si hay presencia de avisos que invitan a fumar ¿cuáles son las características de estos?',NULL,4,0,7,'NUM'),(135,'G.1','matrix_child','Visibles',134,4,0,1,'NUM'),(136,'G.2','matrix_child','Ocultos',134,4,0,3,'NUM'),(137,'G.3','matrix_child','Escritos a mano',134,4,0,3,'NUM'),(138,'G.4','matrix_child','Impresos',134,4,0,4,'NUM'),(139,'G.5','matrix_child','Con colores llamativos',134,4,0,5,'NUM'),(140,'G.6','matrix_child','A blanco y negro',134,4,0,5,'NUM'),(141,'H','unique_response','¿Cuantos avisos se observan en la zona de observación?',NULL,4,1,8,'NUM'),(142,'I','matrix_parent','¿cuáles son las dimensiones aproximadas de los avisos?',NULL,4,0,9,'NUM'),(143,'I.1','matrix_child','Pequeño (1cm-50cm)',142,4,0,1,'NUM'),(144,'I.2','matrix_child','Mediano (50cm-1m)',142,4,0,2,'NUM'),(145,'I.3','matrix_child','Grande (mas de 1m)',142,4,0,3,'NUM'),(146,'J','unique_response','Se observan fumadores activos alrededor de estos avisos. ¿Cuántos?',NULL,4,0,10,'NUM'),(147,'A','matrix_parent','¿En qué lugar están fumando?',NULL,5,1,1,'NUM'),(148,'A.1','matrix_child','Cafetería',147,5,1,1,'NUM'),(149,'A.2','matrix_child','Zona verde',147,5,1,2,'NUM'),(151,'A.3','matrix_child','canchas',147,5,1,3,'NUM'),(152,'A.4','matrix_child','Baños',147,5,1,4,'NUM'),(153,'A.5','matrix_child','Mesas de estudio o encuentro',147,5,1,4,'NUM'),(154,'B','unique_response','¿A qué distancia aproximada, el observador percibe el humo?',NULL,5,0,2,'STR'),(155,'C','matrix_parent','¿En qué lugares se observan desechos de colillas de cigarrillos?',NULL,5,0,3,'NUM'),(156,'C.1','matrix_child','Piso',155,5,0,1,'NUM'),(157,'C.2','matrix_child','Pasto',155,5,0,2,'NUM'),(158,'C.3','matrix_child','Mesas',155,5,0,3,'NUM'),(159,'C.4','matrix_child','Sillas',155,5,0,4,'NUM'),(160,'C.5','matrix_child','Canecas para su recolección',155,5,0,5,'NUM'),(161,'D','matrix_parent','¿En qué lugares se observan desechos de colillas de  marihuana?',NULL,5,0,4,'NUM'),(162,'D.1','matrix_child','Piso',161,5,0,1,'NUM'),(163,'D.2','matrix_child','Pasto',161,5,0,2,'NUM'),(164,'D.3','matrix_child','Mesas',161,5,0,3,'NUM'),(165,'D.4','matrix_child','Sillas',161,5,0,4,'NUM'),(166,'D.5','matrix_child','Canecas para su recoleccion',161,5,0,5,'NUM'),(167,'E','unique_response','Hay elementos recolectores para el depósito de colillas  ¿cuántos?',NULL,5,1,5,'NUM'),(169,'F','matrix_parent','¿En qué lugares se encuentran ubicados los avisos advirtiendo que fumar está prohibido?',NULL,5,0,6,'NUM'),(170,'F.1','matrix_child','Cafetería',169,5,0,1,'NUM'),(171,'F.2','matrix_child','Pasillo',169,5,0,2,'NUM'),(172,'F.3','matrix_child','Mesas de reunión',169,5,0,3,'NUM'),(173,'F.4','matrix_child','Zona verde',169,5,0,4,'NUM'),(174,'G','matrix_parent','¿Estado de los avisos que advierten que fumar está prohibido?',NULL,5,0,7,'NUM'),(175,'G.1','matrix_child','Buen estado',174,5,0,1,'NUM'),(176,'G.2','matrix_child','Estado deteriorado',174,5,0,2,'NUM'),(177,'H','unique_response','¿De qué tamaño (altura) son los avisos que advierten que fumar está prohibido?',NULL,5,0,8,'STR'),(178,'I','unique_response','¿Cuántos avisos hay que advierten que fumar está prohibido en los espacios abiertos?',NULL,5,1,9,'NUM'),(179,'A','matrix_parent','¿En qué lugar se fuma?',NULL,6,1,1,'NUM'),(180,'A.1','matrix_child','Cafetería',179,6,1,1,'NUM'),(181,'A.2','matrix_child','Zona verde',179,6,1,2,'NUM'),(182,'A.3','matrix_child','Pasillo',179,6,1,3,'NUM'),(183,'A.4','matrix_child','Baños',179,6,1,4,'NUM'),(184,'A.5','matrix_child','Mesas de estudio o encuentro',179,6,1,5,'NUM'),(185,'B','unique_response','¿A qué distancia el observador percibe el humo en espacios cerrados?',NULL,6,0,2,'STR'),(186,'C','unique_response','¿Cuantos avisos hay que advierten que fumar no está permitido en los espacios cerrados?',NULL,6,1,3,'NUM'),(187,'D','matrix_parent','¿Estado de los avisos que  advierten que fumar no está permitido?',NULL,6,0,4,'NUM'),(188,'D.1','matrix_child','Buen estado',187,6,0,1,'NUM'),(189,'D.2','matrix_child','Estado deteriorado',187,6,0,2,'NUM'),(190,'E','unique_response','¿De qué tamaño (altura) son los avisos que  advierten que fumar no está permitido?',NULL,6,0,5,'STR'),(191,'F','matrix_parent','¿En qué lugares se encuentran ubicados los avisos advirtiendo que fumar está prohibido?',NULL,6,1,6,'NUM'),(192,'F.1','matrix_child','Cafetería',191,6,1,1,'NUM'),(193,'F.2','matrix_child','Pasillo',191,6,1,2,'NUM'),(194,'F.3','matrix_child','Mesas de estudio o encuentro',191,6,1,3,'NUM'),(195,'F.4','matrix_child','Zona verde',191,6,1,4,'NUM'),(196,'II.4','matrix_child','café',68,1,0,4,'NUM'),(197,'II.5','matrix_child','agua',68,1,0,5,'NUM'),(198,'I.4','matrix_child','café',38,1,0,4,'NUM'),(199,'I.5','matrix_child','agua',38,1,0,5,'NUM'),(200,'III.4','matrix_child','café',73,1,0,4,'NUM'),(201,'III.5','matrix_child','agua',73,1,0,5,'NUM'),(203,'A.6','matrix_child','salón',179,6,1,6,'NUM'),(204,'A.7','matrix_child','oficina',179,6,1,7,'NUM');
/*!40000 ALTER TABLE `question_question` ENABLE KEYS */;
UNLOCK TABLES;

--
-- Table structure for table `question_question_options`
--

DROP TABLE IF EXISTS `question_question_options`;
/*!40101 SET @saved_cs_client     = @@character_set_client */;
/*!50503 SET character_set_client = utf8mb4 */;
CREATE TABLE `question_question_options` (
  `id` bigint NOT NULL AUTO_INCREMENT,
  `question_id` bigint NOT NULL,
  `option_id` bigint NOT NULL,
  PRIMARY KEY (`id`),
  UNIQUE KEY `question_question_options_question_id_option_id_9ca52334_uniq` (`question_id`,`option_id`),
  KEY `question_question_options_option_id_37235053_fk_option_option_id` (`option_id`),
  CONSTRAINT `question_question_op_question_id_b684f190_fk_question_` FOREIGN KEY (`question_id`) REFERENCES `question_question` (`id`),
  CONSTRAINT `question_question_options_option_id_37235053_fk_option_option_id` FOREIGN KEY (`option_id`) REFERENCES `option_option` (`id`)
) ENGINE=InnoDB AUTO_INCREMENT=331 DEFAULT CHARSET=utf8mb3;
/*!40101 SET character_set_client = @saved_cs_client */;

--
-- Dumping data for table `question_question_options`
--

LOCK TABLES `question_question_options` WRITE;
/*!40000 ALTER TABLE `question_question_options` DISABLE KEYS */;
INSERT INTO `question_question_options` VALUES (8,1,1),(9,1,2),(10,1,3),(11,1,4),(12,1,5),(13,1,6),(1,2,1),(2,2,2),(3,2,3),(4,2,4),(5,2,5),(6,2,6),(15,5,1),(16,5,2),(17,5,3),(18,5,4),(19,5,5),(20,5,6),(22,9,1),(23,9,2),(24,9,3),(25,9,4),(26,9,5),(27,9,6),(29,14,1),(30,14,2),(31,14,3),(32,14,4),(33,14,5),(34,14,6),(36,17,1),(37,17,2),(38,17,3),(39,17,4),(40,17,5),(41,17,6),(43,22,1),(44,22,2),(45,22,3),(46,22,4),(47,22,5),(48,22,6),(50,27,1),(51,27,2),(52,27,3),(53,27,4),(54,27,5),(55,27,6),(63,38,1),(64,38,2),(65,38,3),(66,38,4),(67,38,5),(68,38,6),(75,47,1),(76,47,2),(77,47,3),(78,47,4),(79,47,5),(80,47,6),(81,52,1),(82,52,2),(83,52,3),(84,52,4),(85,52,5),(86,52,6),(87,57,1),(88,57,2),(89,57,3),(90,57,4),(91,57,5),(92,57,6),(93,58,1),(94,58,2),(95,58,3),(96,58,4),(97,58,5),(98,58,6),(99,63,1),(100,63,2),(101,63,3),(102,63,4),(103,63,5),(104,63,6),(111,68,1),(112,68,2),(113,68,3),(114,68,4),(115,68,5),(116,68,6),(117,73,1),(118,73,2),(119,73,3),(120,73,4),(121,73,5),(122,73,6),(123,78,1),(124,78,2),(125,78,3),(126,78,4),(127,78,5),(128,78,6),(129,79,1),(130,79,2),(131,79,3),(132,79,4),(133,79,5),(134,79,6),(135,80,1),(136,80,2),(137,80,3),(138,80,4),(139,80,5),(140,80,6),(141,86,1),(142,86,2),(143,86,3),(144,86,4),(145,86,5),(146,86,6),(147,92,1),(148,92,2),(149,92,3),(150,92,4),(151,92,5),(152,92,6),(153,97,1),(154,97,2),(155,97,3),(156,97,4),(157,97,5),(158,97,6),(159,98,1),(160,98,2),(161,98,3),(162,98,4),(163,98,5),(164,98,6),(165,99,8),(166,99,9),(167,99,10),(330,99,20),(168,103,1),(169,103,2),(170,103,3),(171,103,4),(172,103,5),(173,103,6),(174,107,1),(175,107,2),(176,107,3),(177,107,4),(178,107,5),(179,107,6),(180,111,1),(181,111,2),(182,111,3),(183,111,4),(184,111,5),(185,111,6),(186,116,1),(187,116,2),(188,116,3),(189,116,4),(190,116,5),(191,116,6),(192,121,1),(193,121,2),(194,121,3),(195,121,4),(196,121,5),(197,121,6),(210,134,1),(211,134,2),(212,134,3),(213,134,4),(214,134,5),(215,134,6),(216,141,1),(217,141,2),(218,141,3),(219,141,4),(220,141,5),(221,141,6),(222,142,1),(223,142,2),(224,142,3),(225,142,4),(226,142,5),(227,142,6),(228,146,1),(229,146,2),(230,146,3),(231,146,4),(232,146,5),(233,146,6),(234,147,1),(235,147,2),(236,147,3),(237,147,4),(238,147,5),(239,147,6),(240,154,11),(241,154,12),(242,154,13),(243,154,14),(244,154,15),(245,154,16),(246,155,1),(247,155,2),(248,155,3),(249,155,4),(250,155,5),(251,155,6),(252,161,1),(253,161,2),(254,161,3),(255,161,4),(256,161,5),(257,161,6),(258,167,1),(259,167,2),(260,167,3),(261,167,4),(262,167,5),(263,167,6),(270,169,1),(271,169,2),(272,169,3),(273,169,4),(274,169,5),(275,169,6),(282,174,1),(283,174,2),(284,174,3),(285,174,4),(286,174,5),(287,174,6),(288,177,17),(289,177,18),(290,177,19),(291,178,1),(292,178,2),(293,178,3),(294,178,4),(295,178,5),(296,178,6),(297,179,1),(298,179,2),(299,179,3),(300,179,4),(301,179,5),(302,179,6),(303,185,11),(304,185,12),(305,185,13),(306,185,14),(307,185,15),(309,186,1),(310,186,2),(311,186,3),(312,186,4),(313,186,5),(314,186,6),(315,187,1),(316,187,2),(317,187,3),(318,187,4),(319,187,5),(320,187,6),(321,190,17),(322,190,18),(323,190,19),(324,191,1),(325,191,2),(326,191,3),(327,191,4),(328,191,5),(329,191,6);
/*!40000 ALTER TABLE `question_question_options` ENABLE KEYS */;
UNLOCK TABLES;

--
-- Table structure for table `question_question_survey`
--

DROP TABLE IF EXISTS `question_question_survey`;
/*!40101 SET @saved_cs_client     = @@character_set_client */;
/*!50503 SET character_set_client = utf8mb4 */;
CREATE TABLE `question_question_survey` (
  `id` bigint NOT NULL AUTO_INCREMENT,
  `question_id` bigint NOT NULL,
  `survey_id` bigint NOT NULL,
  PRIMARY KEY (`id`),
  UNIQUE KEY `question_question_survey_question_id_survey_id_f0c2a680_uniq` (`question_id`,`survey_id`),
  KEY `question_question_survey_survey_id_86656585_fk_survey_survey_id` (`survey_id`),
  CONSTRAINT `question_question_su_question_id_fcd11aa4_fk_question_` FOREIGN KEY (`question_id`) REFERENCES `question_question` (`id`),
  CONSTRAINT `question_question_survey_survey_id_86656585_fk_survey_survey_id` FOREIGN KEY (`survey_id`) REFERENCES `survey_survey` (`id`)
) ENGINE=InnoDB AUTO_INCREMENT=205 DEFAULT CHARSET=utf8mb3;
/*!40101 SET character_set_client = @saved_cs_client */;

--
-- Dumping data for table `question_question_survey`
--

LOCK TABLES `question_question_survey` WRITE;
/*!40000 ALTER TABLE `question_question_survey` DISABLE KEYS */;
INSERT INTO `question_question_survey` VALUES (1,1,1),(2,2,1),(3,3,1),(4,4,1),(5,5,1),(6,6,1),(7,7,1),(8,8,1),(9,9,1),(10,10,1),(11,11,1),(12,12,1),(13,13,1),(14,14,1),(15,15,1),(16,16,1),(17,17,1),(18,18,1),(21,21,1),(22,22,1),(23,23,1),(25,25,1),(26,26,1),(27,27,1),(28,28,1),(30,30,1),(31,31,1),(33,33,1),(34,34,1),(35,35,1),(36,36,1),(38,38,1),(39,39,1),(40,40,1),(41,41,1),(47,47,1),(48,48,1),(49,49,1),(50,50,1),(51,51,1),(52,52,1),(53,53,1),(54,54,1),(55,55,1),(56,56,1),(57,57,1),(58,58,1),(59,59,1),(60,60,1),(61,61,1),(62,62,1),(63,63,1),(64,64,1),(65,65,1),(66,66,1),(68,68,1),(69,69,1),(70,70,1),(71,71,1),(73,73,1),(74,74,1),(75,75,1),(76,76,1),(78,78,1),(79,79,1),(80,80,1),(81,81,1),(82,82,1),(83,83,1),(84,84,1),(85,85,1),(86,86,1),(87,87,1),(88,88,1),(89,89,1),(90,90,1),(92,92,1),(93,93,1),(94,94,1),(95,95,1),(96,96,1),(97,97,1),(98,98,1),(99,99,1),(100,100,1),(101,101,1),(102,102,1),(103,103,1),(104,104,1),(105,105,1),(106,106,1),(107,107,1),(108,108,1),(109,109,1),(110,110,1),(111,111,1),(112,112,1),(113,113,1),(114,114,1),(116,116,1),(117,117,1),(119,119,1),(120,120,1),(121,121,1),(122,122,1),(123,123,1),(124,124,1),(125,125,1),(134,134,1),(135,135,1),(136,136,1),(137,137,1),(138,138,1),(139,139,1),(140,140,1),(141,141,1),(142,142,1),(143,143,1),(144,144,1),(145,145,1),(146,146,1),(147,147,1),(148,148,1),(149,149,1),(151,151,1),(152,152,1),(153,153,1),(154,154,1),(155,155,1),(156,156,1),(157,157,1),(158,158,1),(159,159,1),(160,160,1),(161,161,1),(162,162,1),(163,163,1),(164,164,1),(165,165,1),(166,166,1),(167,167,1),(169,169,1),(170,170,1),(171,171,1),(172,172,1),(173,173,1),(174,174,1),(175,175,1),(176,176,1),(177,177,1),(178,178,1),(179,179,1),(180,180,1),(181,181,1),(182,182,1),(183,183,1),(184,184,1),(185,185,1),(186,186,1),(187,187,1),(188,188,1),(189,189,1),(190,190,1),(191,191,1),(192,192,1),(193,193,1),(194,194,1),(195,195,1),(196,196,1),(197,197,1),(198,198,1),(199,199,1),(200,200,1),(201,201,1),(203,203,1),(204,204,1);
/*!40000 ALTER TABLE `question_question_survey` ENABLE KEYS */;
UNLOCK TABLES;

--
-- Table structure for table `response_questioncommentanswer`
--

DROP TABLE IF EXISTS `response_questioncommentanswer`;
/*!40101 SET @saved_cs_client     = @@character_set_client */;
/*!50503 SET character_set_client = utf8mb4 */;
CREATE TABLE `response_questioncommentanswer` (
  `id` bigint NOT NULL AUTO_INCREMENT,
  `comment` longtext,
  `question_id` bigint NOT NULL,
  `visita_id` bigint NOT NULL,
  PRIMARY KEY (`id`),
  UNIQUE KEY `unique_comment_per_visit_question` (`visita_id`,`question_id`),
  KEY `response_questioncom_question_id_27837dba_fk_question_` (`question_id`),
  CONSTRAINT `response_questioncom_question_id_27837dba_fk_question_` FOREIGN KEY (`question_id`) REFERENCES `question_question` (`id`),
  CONSTRAINT `response_questioncom_visita_id_6232ab56_fk_visit_vis` FOREIGN KEY (`visita_id`) REFERENCES `visit_visit` (`id`)
) ENGINE=InnoDB AUTO_INCREMENT=62 DEFAULT CHARSET=utf8mb3;
/*!40101 SET character_set_client = @saved_cs_client */;

--
-- Dumping data for table `response_questioncommentanswer`
--

LOCK TABLES `response_questioncommentanswer` WRITE;
/*!40000 ALTER TABLE `response_questioncommentanswer` DISABLE KEYS */;
/*!40000 ALTER TABLE `response_questioncommentanswer` ENABLE KEYS */;
UNLOCK TABLES;

--
-- Table structure for table `response_response`
--

DROP TABLE IF EXISTS `response_response`;
/*!40101 SET @saved_cs_client     = @@character_set_client */;
/*!50503 SET character_set_client = utf8mb4 */;
CREATE TABLE `response_response` (
  `id` bigint NOT NULL AUTO_INCREMENT,
  `numeric_value` int DEFAULT NULL,
  `text_value` varchar(30) DEFAULT NULL,
  `option_id` bigint DEFAULT NULL,
  `question_id` bigint NOT NULL,
  `visita_id` bigint NOT NULL,
  PRIMARY KEY (`id`),
  UNIQUE KEY `unique_response_by_visita_question_and_option` (`visita_id`,`question_id`),
  KEY `response_response_option_id_818d0c46_fk_option_option_id` (`option_id`),
  KEY `response_response_question_id_e416cb85_fk_question_question_id` (`question_id`),
  CONSTRAINT `response_response_option_id_818d0c46_fk_option_option_id` FOREIGN KEY (`option_id`) REFERENCES `option_option` (`id`),
  CONSTRAINT `response_response_question_id_e416cb85_fk_question_question_id` FOREIGN KEY (`question_id`) REFERENCES `question_question` (`id`),
  CONSTRAINT `response_response_visita_id_8943eec3_fk_visit_visit_id` FOREIGN KEY (`visita_id`) REFERENCES `visit_visit` (`id`)
) ENGINE=InnoDB AUTO_INCREMENT=3948 DEFAULT CHARSET=utf8mb3;
/*!40101 SET character_set_client = @saved_cs_client */;

--
-- Dumping data for table `response_response`
--

LOCK TABLES `response_response` WRITE;
/*!40000 ALTER TABLE `response_response` DISABLE KEYS */;
INSERT INTO `response_response` VALUES (3805,0,NULL,1,1,121),(3806,3,NULL,4,3,121),(3807,2,NULL,3,4,121),(3808,1,NULL,2,6,121),(3809,2,NULL,3,7,121),(3810,1,NULL,2,8,121),(3811,1,NULL,2,10,121),(3812,2,NULL,3,11,121),(3813,1,NULL,2,12,121),(3814,2,NULL,3,13,121),(3815,2,NULL,3,15,121),(3816,1,NULL,2,16,121),(3817,2,NULL,3,18,121),(3818,2,NULL,3,21,121),(3819,3,NULL,4,23,121),(3820,1,NULL,2,25,121),(3821,2,NULL,3,26,121),(3822,2,NULL,3,28,121),(3823,1,NULL,2,30,121),(3824,2,NULL,3,31,121),(3825,1,NULL,2,33,121),(3826,3,NULL,4,34,121),(3827,2,NULL,3,35,121),(3828,1,NULL,2,36,121),(3829,2,NULL,3,39,121),(3830,2,NULL,3,40,121),(3831,2,NULL,3,41,121),(3832,2,NULL,3,48,121),(3833,3,NULL,4,49,121),(3834,2,NULL,3,50,121),(3835,2,NULL,3,51,121),(3836,2,NULL,3,53,121),(3837,3,NULL,4,54,121),(3838,2,NULL,3,55,121),(3839,2,NULL,3,56,121),(3840,2,NULL,3,57,121),(3841,2,NULL,3,59,121),(3842,2,NULL,3,60,121),(3843,3,NULL,4,61,121),(3844,1,NULL,2,62,121),(3845,1,NULL,2,64,121),(3846,3,NULL,4,65,121),(3847,1,NULL,2,66,121),(3848,2,NULL,3,69,121),(3849,2,NULL,3,70,121),(3850,3,NULL,4,71,121),(3851,2,NULL,3,74,121),(3852,2,NULL,3,75,121),(3853,1,NULL,2,76,121),(3854,2,NULL,3,78,121),(3855,3,NULL,4,79,121),(3856,1,NULL,2,81,121),(3857,2,NULL,3,82,121),(3858,1,NULL,2,83,121),(3859,2,NULL,3,84,121),(3860,3,NULL,4,85,121),(3861,2,NULL,3,87,121),(3862,1,NULL,2,88,121),(3863,3,NULL,4,89,121),(3864,2,NULL,3,90,121),(3865,3,NULL,4,93,121),(3866,4,NULL,5,94,121),(3867,5,NULL,6,95,121),(3868,5,NULL,6,96,121),(3869,4,NULL,5,97,121),(3870,2,NULL,3,98,121),(3871,3,NULL,4,196,121),(3872,3,NULL,4,197,121),(3873,2,NULL,3,198,121),(3874,3,NULL,4,199,121),(3875,2,NULL,3,200,121),(3876,3,NULL,4,201,121),(3877,NULL,'Cafetería',8,100,121),(3878,NULL,'Expendios de dulces',9,101,121),(3879,NULL,'Cafetería',8,102,121),(3880,2,NULL,3,104,121),(3881,3,NULL,4,105,121),(3882,1,NULL,2,106,121),(3883,4,NULL,5,108,121),(3884,5,NULL,6,109,121),(3885,1,NULL,2,110,121),(3886,2,NULL,3,112,121),(3887,3,NULL,4,113,121),(3888,1,NULL,2,114,121),(3889,2,NULL,3,117,121),(3890,3,NULL,4,119,121),(3891,2,NULL,3,120,121),(3892,1,NULL,2,122,121),(3893,2,NULL,3,123,121),(3894,2,NULL,3,124,121),(3895,2,NULL,3,125,121),(3896,3,NULL,4,135,121),(3897,1,NULL,2,136,121),(3898,1,NULL,2,137,121),(3899,1,NULL,2,138,121),(3900,2,NULL,3,139,121),(3901,3,NULL,4,140,121),(3902,1,NULL,2,141,121),(3903,5,NULL,6,143,121),(3904,1,NULL,2,144,121),(3905,3,NULL,4,145,121),(3906,2,NULL,3,146,121),(3907,0,NULL,1,148,121),(3908,1,NULL,2,149,121),(3909,2,NULL,3,151,121),(3910,1,NULL,2,152,121),(3911,1,NULL,2,153,121),(3912,NULL,'Entre 2m-3m',12,154,121),(3913,3,NULL,4,156,121),(3914,1,NULL,2,157,121),(3915,3,NULL,4,158,121),(3916,1,NULL,2,159,121),(3917,1,NULL,2,160,121),(3918,1,NULL,2,162,121),(3919,3,NULL,4,163,121),(3920,4,NULL,5,164,121),(3921,1,NULL,2,165,121),(3922,2,NULL,3,166,121),(3923,2,NULL,3,167,121),(3924,2,NULL,3,170,121),(3925,4,NULL,5,171,121),(3926,3,NULL,4,172,121),(3927,2,NULL,3,173,121),(3928,2,NULL,3,175,121),(3929,3,NULL,4,176,121),(3930,NULL,'Pequeño (1cm-50cm)',17,177,121),(3931,1,NULL,2,178,121),(3932,2,NULL,3,180,121),(3933,3,NULL,4,181,121),(3934,3,NULL,4,182,121),(3935,2,NULL,3,183,121),(3936,4,NULL,5,184,121),(3937,NULL,'Entre 2m-3m',12,185,121),(3938,2,NULL,3,186,121),(3939,0,NULL,1,188,121),(3940,2,NULL,3,189,121),(3941,NULL,'Mediano (50cm-1m)',18,190,121),(3942,1,NULL,2,192,121),(3943,1,NULL,2,193,121),(3944,1,NULL,2,194,121),(3945,1,NULL,2,195,121),(3946,5,NULL,6,203,121),(3947,5,NULL,6,204,121);
/*!40000 ALTER TABLE `response_response` ENABLE KEYS */;
UNLOCK TABLES;

--
-- Table structure for table `subcategory_subcategory`
--

DROP TABLE IF EXISTS `subcategory_subcategory`;
/*!40101 SET @saved_cs_client     = @@character_set_client */;
/*!50503 SET character_set_client = utf8mb4 */;
CREATE TABLE `subcategory_subcategory` (
  `id` bigint NOT NULL AUTO_INCREMENT,
  `name` varchar(50) NOT NULL,
  `category_id` bigint NOT NULL,
  PRIMARY KEY (`id`),
  KEY `subcategory_subcateg_category_id_3bfa0466_fk_category_` (`category_id`),
  CONSTRAINT `subcategory_subcateg_category_id_3bfa0466_fk_category_` FOREIGN KEY (`category_id`) REFERENCES `category_category` (`id`)
) ENGINE=InnoDB AUTO_INCREMENT=7 DEFAULT CHARSET=utf8mb3;
/*!40101 SET character_set_client = @saved_cs_client */;

--
-- Dumping data for table `subcategory_subcategory`
--

LOCK TABLES `subcategory_subcategory` WRITE;
/*!40000 ALTER TABLE `subcategory_subcategory` DISABLE KEYS */;
INSERT INTO `subcategory_subcategory` VALUES (1,'Fumador Activo',1),(2,'Fumador pasivo',1),(3,'Mercadeo y Ventas',2),(4,'Publicidad',2),(5,'Fumadores activos en Espacios abiertos',3),(6,'Fumadores activos en espacios cerrados',4);
/*!40000 ALTER TABLE `subcategory_subcategory` ENABLE KEYS */;
UNLOCK TABLES;

--
-- Table structure for table `survey_survey`
--

DROP TABLE IF EXISTS `survey_survey`;
/*!40101 SET @saved_cs_client     = @@character_set_client */;
/*!50503 SET character_set_client = utf8mb4 */;
CREATE TABLE `survey_survey` (
  `id` bigint NOT NULL AUTO_INCREMENT,
  `name` varchar(50) NOT NULL,
  `topic` varchar(20) NOT NULL,
  `version` varchar(10) NOT NULL,
  `description` varchar(100) NOT NULL,
  `uploaded_at` datetime(6) DEFAULT NULL,
  `image_url` varchar(100) DEFAULT NULL,
  PRIMARY KEY (`id`)
) ENGINE=InnoDB AUTO_INCREMENT=2 DEFAULT CHARSET=utf8mb3;
/*!40101 SET character_set_client = @saved_cs_client */;

--
-- Dumping data for table `survey_survey`
--

LOCK TABLES `survey_survey` WRITE;
/*!40000 ALTER TABLE `survey_survey` DISABLE KEYS */;
INSERT INTO `survey_survey` VALUES (1,'POCUC PILOTO','consumo de tabaco','1.0','Proyecto de investigación para conocer la caracterización sociodemográfica de las personas que fuman','2025-11-03 21:54:12.153536','https://images.theconversation.com/files/444066/original/file-20220202-13-3hrbjn.jpg?ixlib=rb-4.1.0&');
/*!40000 ALTER TABLE `survey_survey` ENABLE KEYS */;
UNLOCK TABLES;

--
-- Table structure for table `surveysession_surveysession`
--

DROP TABLE IF EXISTS `surveysession_surveysession`;
/*!40101 SET @saved_cs_client     = @@character_set_client */;
/*!50503 SET character_set_client = utf8mb4 */;
CREATE TABLE `surveysession_surveysession` (
  `id` bigint NOT NULL AUTO_INCREMENT,
  `uploaded_at` date NOT NULL,
  `url` varchar(100) NOT NULL,
  `number_session` int NOT NULL,
  `start_date` datetime(6) DEFAULT NULL,
  `end_date` datetime(6) DEFAULT NULL,
  `observational_distance` varchar(20) NOT NULL,
  `visit_number` int NOT NULL,
  `state` int NOT NULL,
  `observer_id` bigint NOT NULL,
  `survey_id` bigint NOT NULL,
  `zone_id` bigint NOT NULL,
  PRIMARY KEY (`id`),
  UNIQUE KEY `unique_number_session_by_survey_by_observer` (`survey_id`,`number_session`,`observer_id`),
  KEY `surveysession_survey_observer_id_1d3ef5c0_fk_observer_` (`observer_id`),
  KEY `surveysession_surveysession_zone_id_39695c4a_fk_zone_zone_id` (`zone_id`),
  CONSTRAINT `surveysession_survey_observer_id_1d3ef5c0_fk_observer_` FOREIGN KEY (`observer_id`) REFERENCES `observer_observer` (`id`),
  CONSTRAINT `surveysession_survey_survey_id_3c5b041d_fk_survey_su` FOREIGN KEY (`survey_id`) REFERENCES `survey_survey` (`id`),
  CONSTRAINT `surveysession_surveysession_zone_id_39695c4a_fk_zone_zone_id` FOREIGN KEY (`zone_id`) REFERENCES `zone_zone` (`id`)
) ENGINE=InnoDB AUTO_INCREMENT=37 DEFAULT CHARSET=utf8mb3;
/*!40101 SET character_set_client = @saved_cs_client */;

--
-- Dumping data for table `surveysession_surveysession`
--

LOCK TABLES `surveysession_surveysession` WRITE;
/*!40000 ALTER TABLE `surveysession_surveysession` DISABLE KEYS */;
INSERT INTO `surveysession_surveysession` VALUES (36,'2026-02-27','https://drive.google.com/drive/folders/1l7t1ryiwPjGTqw1j5sPIEOMD0RTThkTw?usp=drive_link',1,'2026-02-27 19:27:53.634239','2026-02-27 19:34:54.834471','100',1,2,1,1,3);
/*!40000 ALTER TABLE `surveysession_surveysession` ENABLE KEYS */;
UNLOCK TABLES;

--
-- Table structure for table `visit_visit`
--

DROP TABLE IF EXISTS `visit_visit`;
/*!40101 SET @saved_cs_client     = @@character_set_client */;
/*!50503 SET character_set_client = utf8mb4 */;
CREATE TABLE `visit_visit` (
  `id` bigint NOT NULL AUTO_INCREMENT,
  `visit_number` int NOT NULL,
  `visit_start_date_time` datetime(6) DEFAULT NULL,
  `visit_end_date_time` datetime(6) DEFAULT NULL,
  `state` int NOT NULL,
  `surveysession_id` bigint NOT NULL,
  PRIMARY KEY (`id`),
  UNIQUE KEY `unique_visit_by_surveysession` (`surveysession_id`,`visit_number`),
  CONSTRAINT `visit_visit_surveysession_id_3b44c275_fk_surveyses` FOREIGN KEY (`surveysession_id`) REFERENCES `surveysession_surveysession` (`id`)
) ENGINE=InnoDB AUTO_INCREMENT=122 DEFAULT CHARSET=utf8mb3;
/*!40101 SET character_set_client = @saved_cs_client */;

--
-- Dumping data for table `visit_visit`
--

LOCK TABLES `visit_visit` WRITE;
/*!40000 ALTER TABLE `visit_visit` DISABLE KEYS */;
INSERT INTO `visit_visit` VALUES (121,1,'2026-02-27 19:27:56.275848','2026-02-27 19:34:54.828346',2,36);
/*!40000 ALTER TABLE `visit_visit` ENABLE KEYS */;
UNLOCK TABLES;

--
-- Table structure for table `zone_zone`
--

DROP TABLE IF EXISTS `zone_zone`;
/*!40101 SET @saved_cs_client     = @@character_set_client */;
/*!50503 SET character_set_client = utf8mb4 */;
CREATE TABLE `zone_zone` (
  `id` bigint NOT NULL AUTO_INCREMENT,
  `name` varchar(300) NOT NULL,
  `number` int NOT NULL,
  `zone_type` varchar(2) NOT NULL,
  `campus_id` bigint DEFAULT NULL,
  PRIMARY KEY (`id`),
  UNIQUE KEY `unique_number_by_campus_zone` (`campus_id`,`number`),
  CONSTRAINT `zone_zone_campus_id_b0b53b07_fk_campus_campus_id` FOREIGN KEY (`campus_id`) REFERENCES `campus_campus` (`id`)
) ENGINE=InnoDB AUTO_INCREMENT=8 DEFAULT CHARSET=utf8mb3;
/*!40101 SET character_set_client = @saved_cs_client */;

--
-- Dumping data for table `zone_zone`
--

LOCK TABLES `zone_zone` WRITE;
/*!40000 ALTER TABLE `zone_zone` DISABLE KEYS */;
INSERT INTO `zone_zone` VALUES (3,'Plazoleta de ingenierías, pasillos de la Escuela de Ingeniería de sistemas y computación y pasillo frontal del auditorio numero 5',1,'MX',1),(4,'Facultad de Ciencias naturales y exactas',2,'MX',1),(5,'Cafetería de la Escuela de Ciencias del Lenguaje, los pasillos de la Biblioteca central y la Plazoleta',3,'MX',1),(6,'Central, pasillos de central y banderas',4,'MX',1),(7,'Pasillos del coliseo, canchas cercanas al coliseo ( número xx) y coliseo.',5,'MX',1);
/*!40000 ALTER TABLE `zone_zone` ENABLE KEYS */;
UNLOCK TABLES;
/*!40103 SET TIME_ZONE=@OLD_TIME_ZONE */;

/*!40101 SET SQL_MODE=@OLD_SQL_MODE */;
/*!40014 SET FOREIGN_KEY_CHECKS=@OLD_FOREIGN_KEY_CHECKS */;
/*!40014 SET UNIQUE_CHECKS=@OLD_UNIQUE_CHECKS */;
/*!40101 SET CHARACTER_SET_CLIENT=@OLD_CHARACTER_SET_CLIENT */;
/*!40101 SET CHARACTER_SET_RESULTS=@OLD_CHARACTER_SET_RESULTS */;
/*!40101 SET COLLATION_CONNECTION=@OLD_COLLATION_CONNECTION */;
/*!40111 SET SQL_NOTES=@OLD_SQL_NOTES */;

-- Dump completed on 2026-02-27 19:57:30
